-- MySQL dump 10.13  Distrib 8.0.19, for Linux (x86_64)
--
-- Host: 127.0.0.1    Database: vk
-- ------------------------------------------------------
-- Server version	8.0.19

/*!40101 SET @OLD_CHARACTER_SET_CLIENT=@@CHARACTER_SET_CLIENT */;
/*!40101 SET @OLD_CHARACTER_SET_RESULTS=@@CHARACTER_SET_RESULTS */;
/*!40101 SET @OLD_COLLATION_CONNECTION=@@COLLATION_CONNECTION */;
/*!50503 SET NAMES utf8mb4 */;
/*!40103 SET @OLD_TIME_ZONE=@@TIME_ZONE */;
/*!40103 SET TIME_ZONE='+00:00' */;
/*!40014 SET @OLD_UNIQUE_CHECKS=@@UNIQUE_CHECKS, UNIQUE_CHECKS=0 */;
/*!40014 SET @OLD_FOREIGN_KEY_CHECKS=@@FOREIGN_KEY_CHECKS, FOREIGN_KEY_CHECKS=0 */;
/*!40101 SET @OLD_SQL_MODE=@@SQL_MODE, SQL_MODE='NO_AUTO_VALUE_ON_ZERO' */;
/*!40111 SET @OLD_SQL_NOTES=@@SQL_NOTES, SQL_NOTES=0 */;

--
-- Table structure for table `communities`
--

DROP TABLE IF EXISTS `communities`;
/*!40101 SET @saved_cs_client     = @@character_set_client */;
/*!50503 SET character_set_client = utf8mb4 */;
CREATE TABLE `communities` (
  `id` int unsigned NOT NULL AUTO_INCREMENT,
  `name` varchar(150) CHARACTER SET utf8 COLLATE utf8_unicode_ci NOT NULL,
  PRIMARY KEY (`id`),
  UNIQUE KEY `name` (`name`)
) ENGINE=InnoDB AUTO_INCREMENT=101 DEFAULT CHARSET=utf8 COLLATE=utf8_unicode_ci;
/*!40101 SET character_set_client = @saved_cs_client */;

--
-- Dumping data for table `communities`
--

LOCK TABLES `communities` WRITE;
/*!40000 ALTER TABLE `communities` DISABLE KEYS */;
INSERT INTO `communities` VALUES (7,'Aliquid voluptatem qui deleniti sint iure ipsam ullam.'),(4,'Consequuntur dolores ut perspiciatis et enim est repellat quasi.'),(9,'Dolor sed asperiores ut debitis qui vitae.'),(8,'Dolorum qui enim voluptas maiores ut quam suscipit.'),(6,'Facere dolor eveniet non eum dignissimos itaque nihil quas.'),(14,'Id perspiciatis quos ipsam eum.'),(19,'In voluptatem voluptatem iure facere.'),(16,'Ipsa ut quia beatae quo.'),(1,'Molestiae ea repellat doloremque officiis.'),(20,'Molestiae ut consectetur eligendi.'),(12,'Molestias fugit dolores similique totam.'),(18,'Non numquam eligendi veniam delectus laborum.'),(15,'Officiis et pariatur in voluptate rem sequi dolor.'),(5,'Omnis et ea unde facere sint asperiores.'),(11,'Placeat illo repellat officiis eius ipsam.'),(3,'Quia eius qui qui rerum.'),(17,'Reiciendis praesentium odio cum illum consectetur at error.'),(2,'Sed molestias consequatur optio ipsa culpa sunt.'),(13,'Sit facilis qui et voluptatem.'),(10,'Temporibus quod velit et vero magnam occaecati error.');
/*!40000 ALTER TABLE `communities` ENABLE KEYS */;
UNLOCK TABLES;

--
-- Table structure for table `communities_users`
--

DROP TABLE IF EXISTS `communities_users`;
/*!40101 SET @saved_cs_client     = @@character_set_client */;
/*!50503 SET character_set_client = utf8mb4 */;
CREATE TABLE `communities_users` (
  `community_id` int unsigned NOT NULL,
  `user_id` int unsigned NOT NULL,
  PRIMARY KEY (`community_id`,`user_id`)
) ENGINE=InnoDB DEFAULT CHARSET=utf8 COLLATE=utf8_unicode_ci;
/*!40101 SET character_set_client = @saved_cs_client */;

--
-- Dumping data for table `communities_users`
--

LOCK TABLES `communities_users` WRITE;
/*!40000 ALTER TABLE `communities_users` DISABLE KEYS */;
INSERT INTO `communities_users` VALUES (1,18),(1,57),(1,81),(1,85),(2,47),(2,63),(2,89),(3,2),(3,17),(3,29),(3,35),(3,54),(3,84),(4,2),(4,9),(4,25),(4,91),(5,5),(5,19),(5,56),(5,58),(5,65),(6,48),(6,63),(6,84),(6,89),(7,19),(7,28),(7,35),(7,49),(7,62),(7,65),(7,75),(7,88),(8,1),(8,16),(8,18),(8,37),(8,48),(8,49),(8,55),(8,93),(9,6),(9,52),(9,58),(10,23),(10,48),(10,58),(10,59),(10,61),(10,62),(11,12),(11,73),(11,95),(11,97),(12,25),(12,29),(12,41),(12,69),(12,82),(13,1),(13,11),(13,35),(13,54),(13,64),(13,78),(13,96),(13,100),(14,49),(14,70),(14,77),(15,17),(15,42),(15,52),(15,58),(15,63),(15,73),(15,86),(15,95),(16,16),(16,39),(16,54),(16,70),(17,5),(17,60),(17,97),(17,99),(18,15),(18,30),(18,54),(18,79),(19,19),(19,31),(19,73),(19,76),(19,82),(19,87),(19,100),(20,71),(20,73);
/*!40000 ALTER TABLE `communities_users` ENABLE KEYS */;
UNLOCK TABLES;

--
-- Table structure for table `friendship`
--

DROP TABLE IF EXISTS `friendship`;
/*!40101 SET @saved_cs_client     = @@character_set_client */;
/*!50503 SET character_set_client = utf8mb4 */;
CREATE TABLE `friendship` (
  `user_id` int unsigned NOT NULL,
  `friend_id` int unsigned NOT NULL,
  `status_id` int unsigned NOT NULL,
  `requested_at` datetime DEFAULT CURRENT_TIMESTAMP,
  `confirmed_at` datetime DEFAULT NULL,
  PRIMARY KEY (`user_id`,`friend_id`)
) ENGINE=InnoDB DEFAULT CHARSET=utf8 COLLATE=utf8_unicode_ci;
/*!40101 SET character_set_client = @saved_cs_client */;

--
-- Dumping data for table `friendship`
--

LOCK TABLES `friendship` WRITE;
/*!40000 ALTER TABLE `friendship` DISABLE KEYS */;
INSERT INTO `friendship` VALUES (2,45,4,'1981-01-10 10:18:50','1971-03-02 15:48:22'),(2,73,1,'2020-01-13 20:13:25','2006-12-13 17:47:54'),(3,87,3,'1985-03-01 12:18:46','2007-08-13 18:33:40'),(4,85,2,'1980-02-12 21:58:23','1978-01-28 06:06:00'),(6,13,4,'1970-08-21 13:08:50','2001-03-14 19:23:34'),(6,63,1,'2006-12-14 15:17:37','1981-03-04 03:45:38'),(7,13,7,'2003-04-09 16:35:02','1995-03-18 11:43:19'),(7,32,3,'2000-12-29 07:27:09','1985-06-06 17:20:30'),(7,54,1,'2004-12-20 11:19:14','2003-11-05 08:37:50'),(9,7,5,'1972-05-05 09:15:04','1981-01-16 08:08:57'),(9,13,5,'2009-12-17 03:30:07','2007-03-24 16:03:01'),(9,27,3,'1974-09-28 19:19:26','2015-04-29 04:44:20'),(11,91,1,'2013-06-01 08:35:34','1994-03-05 05:36:41'),(14,16,7,'1983-05-17 09:09:53','2016-08-29 13:46:33'),(16,28,3,'2019-12-21 04:47:37','1970-06-25 23:59:58'),(16,68,1,'1971-12-20 22:14:50','1972-02-21 23:56:13'),(16,86,7,'2014-06-11 10:47:30','2015-07-09 12:51:13'),(16,95,5,'2000-02-06 16:37:49','1974-07-05 01:06:32'),(17,71,1,'1985-09-19 05:59:03','1978-03-28 01:44:22'),(18,66,2,'1997-03-03 19:26:50','2015-05-17 05:17:57'),(18,82,3,'2012-08-26 23:02:43','2002-05-17 08:37:44'),(20,62,7,'2016-03-25 04:20:37','1981-05-16 17:29:58'),(20,69,4,'1997-07-30 19:16:30','1999-04-14 21:00:01'),(21,50,4,'2016-03-13 00:14:43','2007-09-09 21:02:45'),(21,63,1,'2004-05-09 22:51:22','2002-06-10 13:40:28'),(22,17,2,'1993-11-25 14:16:43','1984-04-26 12:36:26'),(22,52,1,'1979-08-31 08:02:30','1975-06-10 02:12:50'),(23,40,3,'1988-12-18 03:33:34','1994-05-01 13:05:09'),(25,77,5,'2006-01-05 00:25:46','1977-09-13 18:06:25'),(26,100,7,'2011-02-01 14:54:22','1994-08-21 04:21:01'),(27,84,6,'2018-01-22 18:08:16','2007-03-05 12:03:59'),(28,53,1,'2001-10-31 02:37:35','2017-12-22 13:29:12'),(29,16,3,'2016-02-05 21:05:59','1984-10-20 22:53:33'),(30,33,3,'1987-06-21 07:56:53','1978-12-20 04:02:16'),(30,61,6,'2015-02-26 06:53:01','1981-08-19 08:08:31'),(31,36,1,'1990-12-05 09:27:32','1978-05-27 07:01:26'),(31,47,5,'1975-09-30 05:18:34','2000-06-02 18:03:03'),(36,32,3,'2012-09-18 15:30:43','2001-10-14 07:52:11'),(36,65,4,'1983-10-24 05:10:54','2010-10-07 17:32:13'),(37,46,5,'2019-04-16 19:49:28','1972-03-14 10:54:14'),(38,21,4,'2014-10-01 22:34:50','2006-04-26 23:03:36'),(40,46,3,'1987-09-15 11:23:43','1996-08-18 12:47:35'),(41,1,2,'2000-04-24 10:36:00','1974-11-05 14:29:22'),(41,7,2,'1982-07-26 20:58:21','2016-04-26 18:50:33'),(41,10,3,'2000-06-12 22:21:39','1999-11-17 15:12:11'),(41,93,6,'2017-03-19 10:25:10','2011-01-21 03:18:09'),(42,23,2,'2000-04-04 11:15:08','2003-01-16 14:21:30'),(42,69,7,'1996-12-31 14:39:56','1990-03-15 01:24:23'),(43,34,6,'2003-07-25 07:09:16','1992-08-07 02:34:45'),(44,61,4,'1999-07-13 12:43:18','1977-08-07 17:11:52'),(46,55,2,'1990-12-30 20:43:45','2012-08-10 00:58:13'),(46,89,7,'2006-10-29 16:33:51','1982-07-28 23:05:10'),(47,71,5,'1982-11-25 18:23:49','2001-02-12 20:33:39'),(49,5,1,'2011-12-12 19:41:25','1971-11-07 07:20:46'),(49,59,1,'1992-02-01 14:46:56','1979-02-10 07:36:42'),(53,25,5,'1989-03-16 15:28:16','2004-06-12 22:49:00'),(53,66,6,'1998-02-15 07:48:49','2004-08-25 02:46:32'),(53,76,4,'1984-09-30 22:33:56','1998-01-22 12:58:16'),(56,62,5,'2003-10-11 18:41:47','2019-09-09 18:05:27'),(57,38,6,'2000-02-13 21:57:50','2016-03-10 12:21:29'),(57,55,7,'1998-08-11 17:35:28','1981-06-08 22:55:58'),(59,7,2,'2017-07-15 12:24:15','1998-04-02 13:01:24'),(59,9,7,'2004-12-24 20:52:55','1996-11-03 13:12:04'),(59,76,2,'2003-05-27 01:54:32','1998-10-24 00:51:42'),(61,43,1,'1983-10-29 03:20:40','1986-08-12 17:06:24'),(67,59,5,'1970-01-27 09:50:56','2002-07-10 15:12:22'),(67,65,2,'1974-01-17 04:48:03','2018-12-26 23:36:23'),(70,21,5,'1994-08-13 19:33:19','2008-03-21 08:48:15'),(71,29,6,'1988-09-10 03:13:55','2009-06-24 18:13:20'),(71,55,7,'1975-09-04 21:54:22','1979-04-18 13:20:46'),(72,79,7,'1985-10-11 05:21:49','2019-05-01 09:17:02'),(74,72,1,'1972-11-16 05:03:46','2015-08-29 05:57:09'),(75,46,5,'1973-04-06 10:38:10','1995-06-28 06:39:42'),(76,67,5,'1989-11-12 06:02:57','2016-09-12 15:26:17'),(76,77,6,'1985-07-13 10:55:33','2015-10-21 21:10:41'),(78,51,6,'1991-02-26 01:18:04','1975-10-10 03:28:29'),(80,42,1,'1994-10-11 06:35:03','2002-12-27 14:28:07'),(80,43,6,'2008-04-09 23:27:30','1986-03-18 00:39:15'),(81,28,4,'1976-03-08 08:25:50','1997-05-25 21:15:19'),(82,98,3,'1999-09-16 00:27:44','2011-07-09 03:37:10'),(84,15,7,'1978-08-22 04:42:22','2010-06-09 20:49:55'),(85,16,4,'1971-08-28 15:07:27','1977-03-09 08:25:25'),(85,75,4,'2011-11-18 01:50:51','1994-07-21 20:10:42'),(86,54,6,'2019-05-24 18:00:13','2010-04-24 17:13:30'),(88,32,2,'1983-04-21 07:46:37','2006-02-07 16:39:36'),(88,71,2,'1980-03-13 20:18:54','1971-12-15 02:35:50'),(89,39,2,'2008-08-09 06:09:13','1994-12-01 03:49:41'),(89,93,3,'1998-03-13 04:29:24','2011-10-25 11:43:29'),(91,71,6,'2000-01-22 10:51:08','1975-05-12 14:55:45'),(91,92,6,'2008-10-31 22:47:19','1979-09-05 21:07:30'),(92,3,4,'2000-05-28 10:54:59','1987-02-03 19:17:51'),(92,46,7,'2013-11-01 19:43:51','2017-10-02 22:33:09'),(93,2,2,'1991-02-21 11:00:55','1973-11-21 07:20:46'),(93,15,2,'2007-03-24 09:42:44','2018-06-27 07:53:09'),(94,93,4,'1993-09-22 09:02:14','1974-01-28 11:30:32'),(95,29,6,'1980-01-04 18:02:59','1970-09-28 21:16:31'),(95,78,7,'1995-06-01 08:28:45','2003-01-03 09:43:23'),(95,86,3,'2016-12-25 01:17:18','2020-02-10 02:29:29'),(95,91,4,'1985-08-22 21:10:14','1997-02-06 13:44:03'),(99,17,5,'2014-10-22 10:55:08','2011-01-29 06:12:05');
/*!40000 ALTER TABLE `friendship` ENABLE KEYS */;
UNLOCK TABLES;

--
-- Table structure for table `friendship_statuses`
--

DROP TABLE IF EXISTS `friendship_statuses`;
/*!40101 SET @saved_cs_client     = @@character_set_client */;
/*!50503 SET character_set_client = utf8mb4 */;
CREATE TABLE `friendship_statuses` (
  `id` int unsigned NOT NULL AUTO_INCREMENT,
  `name` varchar(150) CHARACTER SET utf8 COLLATE utf8_unicode_ci NOT NULL,
  PRIMARY KEY (`id`),
  UNIQUE KEY `name` (`name`)
) ENGINE=InnoDB AUTO_INCREMENT=4 DEFAULT CHARSET=utf8 COLLATE=utf8_unicode_ci;
/*!40101 SET character_set_client = @saved_cs_client */;

--
-- Dumping data for table `friendship_statuses`
--

LOCK TABLES `friendship_statuses` WRITE;
/*!40000 ALTER TABLE `friendship_statuses` DISABLE KEYS */;
INSERT INTO `friendship_statuses` VALUES (2,'confirmed'),(3,'rejected'),(1,'requested');
/*!40000 ALTER TABLE `friendship_statuses` ENABLE KEYS */;
UNLOCK TABLES;

--
-- Table structure for table `media`
--

DROP TABLE IF EXISTS `media`;
/*!40101 SET @saved_cs_client     = @@character_set_client */;
/*!50503 SET character_set_client = utf8mb4 */;
CREATE TABLE `media` (
  `id` int unsigned NOT NULL AUTO_INCREMENT,
  `media_type_id` int unsigned NOT NULL,
  `user_id` int unsigned NOT NULL,
  `file_path` varchar(255) CHARACTER SET utf8 COLLATE utf8_unicode_ci NOT NULL,
  `size` int NOT NULL,
  `metadata` longtext CHARACTER SET utf8mb4 COLLATE utf8mb4_bin,
  `created_at` datetime DEFAULT CURRENT_TIMESTAMP,
  `updated_at` datetime DEFAULT CURRENT_TIMESTAMP ON UPDATE CURRENT_TIMESTAMP,
  PRIMARY KEY (`id`)
) ENGINE=InnoDB AUTO_INCREMENT=101 DEFAULT CHARSET=utf8 COLLATE=utf8_unicode_ci;
/*!40101 SET character_set_client = @saved_cs_client */;

--
-- Dumping data for table `media`
--

LOCK TABLES `media` WRITE;
/*!40000 ALTER TABLE `media` DISABLE KEYS */;
INSERT INTO `media` VALUES (1,4,86,'https://dropbox/vk/file_7865',3124215,'{\"owner\":Adelia Kunze\"}','1976-05-25 20:48:58','2020-04-06 22:06:09'),(2,4,81,'https://dropbox/vk/file_702',31063729,'{\"owner\":Kelsie Schneider\"}','2018-05-06 21:35:10','2020-04-06 22:06:09'),(3,3,45,'https://dropbox/vk/file_9909',65460340,'{\"owner\":Chase Nicolas\"}','1993-02-23 14:04:49','2020-04-06 22:06:09'),(4,2,82,'https://dropbox/vk/file_7443',4981215,'{\"owner\":Angus Prohaska\"}','2017-03-21 00:12:47','2020-04-06 22:06:09'),(5,2,75,'https://dropbox/vk/file_7490',918453,'{\"owner\":Lorna Feil\"}','1990-08-01 16:04:48','2020-04-06 22:06:09'),(6,4,29,'https://dropbox/vk/file_5120',9548622,'{\"owner\":Eula Kessler\"}','2011-03-31 14:37:50','2020-04-06 22:06:09'),(7,3,19,'https://dropbox/vk/file_3128',7537027,'{\"owner\":Keira Weber\"}','1970-12-24 19:20:24','2020-04-06 22:06:09'),(8,4,7,'https://dropbox/vk/file_282',743605334,'{\"owner\":Turner Smitham\"}','2012-03-04 06:39:18','2020-04-06 22:06:09'),(9,2,79,'https://dropbox/vk/file_2022',48806,'{\"owner\":Zoila Rolfson\"}','2013-10-22 09:22:30','2020-04-06 22:06:09'),(10,2,73,'https://dropbox/vk/file_9266',67879668,'{\"owner\":Geo Orn\"}','1984-02-22 10:43:48','2020-04-06 22:06:09'),(11,3,28,'https://dropbox/vk/file_266',1452622,'{\"owner\":Niko Watsica\"}','1974-02-09 11:01:31','2020-04-06 22:06:09'),(12,2,21,'https://dropbox/vk/file_3528',4887754,'{\"owner\":Imani Watsica\"}','2014-05-22 14:20:17','2020-04-06 22:06:09'),(13,1,19,'https://dropbox/vk/file_6844',5692905,'{\"owner\":Keira Weber\"}','1994-05-09 23:46:11','2020-04-06 22:06:09'),(14,1,32,'https://dropbox/vk/file_3637',9607837,'{\"owner\":Orpha Reinger\"}','1997-08-13 23:06:16','2020-04-06 22:06:09'),(15,1,1,'https://dropbox/vk/file_7650',23903828,'{\"owner\":Marilyne Leffler\"}','1975-12-19 11:52:19','2020-04-06 22:06:09'),(16,1,12,'https://dropbox/vk/file_7341',3701268,'{\"owner\":Jaron Schiller\"}','1982-03-10 09:12:06','2020-04-06 22:06:09'),(17,2,53,'https://dropbox/vk/file_3758',1327624,'{\"owner\":Brock Marquardt\"}','2019-08-16 17:20:49','2020-04-06 22:06:09'),(18,1,30,'https://dropbox/vk/file_6763',122721,'{\"owner\":Keira Stracke\"}','1999-07-05 22:16:33','2020-04-06 22:06:09'),(19,4,91,'https://dropbox/vk/file_2543',8366923,'{\"owner\":Alexandra Schuppe\"}','1996-09-23 05:32:17','2020-04-06 22:06:09'),(20,4,64,'https://dropbox/vk/file_2424',98970,'{\"owner\":Astrid O\'Keefe\"}','2003-10-13 09:15:34','2020-04-06 22:06:09'),(21,3,47,'https://dropbox/vk/file_4491',68957,'{\"owner\":Gust Wyman\"}','2016-03-14 10:48:51','2020-04-06 22:06:09'),(22,2,41,'https://dropbox/vk/file_5185',642629041,'{\"owner\":Salvador Corkery\"}','1990-08-18 06:32:25','2020-04-06 22:06:09'),(23,4,62,'https://dropbox/vk/file_2451',5434317,'{\"owner\":Gordon Hamill\"}','2009-05-15 21:36:10','2020-04-06 22:06:09'),(24,3,89,'https://dropbox/vk/file_6701',3088719,'{\"owner\":Wilburn Volkman\"}','2012-09-01 00:43:35','2020-04-06 22:06:09'),(25,2,60,'https://dropbox/vk/file_6151',4021876,'{\"owner\":Mireille Koelpin\"}','1991-03-13 19:56:59','2020-04-06 22:06:09'),(26,4,29,'https://dropbox/vk/file_652',9040643,'{\"owner\":Eula Kessler\"}','2018-04-22 03:45:48','2020-04-06 22:06:09'),(27,2,66,'https://dropbox/vk/file_4803',5837064,'{\"owner\":Meda Anderson\"}','1983-11-20 19:27:14','2020-04-06 22:06:09'),(28,2,43,'https://dropbox/vk/file_2063',1963392,'{\"owner\":Burdette Davis\"}','1978-08-04 09:53:05','2020-04-06 22:06:09'),(29,2,15,'https://dropbox/vk/file_5905',2205767,'{\"owner\":Gisselle King\"}','1980-01-20 21:39:01','2020-04-06 22:06:09'),(30,4,45,'https://dropbox/vk/file_3336',38408791,'{\"owner\":Chase Nicolas\"}','2001-05-30 17:00:07','2020-04-06 22:06:09'),(31,1,82,'https://dropbox/vk/file_8962',68822641,'{\"owner\":Angus Prohaska\"}','1975-12-25 13:03:03','2020-04-06 22:06:09'),(32,1,74,'https://dropbox/vk/file_4807',4809575,'{\"owner\":Chandler Lind\"}','2002-04-01 02:57:03','2020-04-06 22:06:09'),(33,2,24,'https://dropbox/vk/file_7148',6417762,'{\"owner\":Mazie Dach\"}','1994-04-22 12:49:10','2020-04-06 22:06:09'),(34,4,99,'https://dropbox/vk/file_1320',95500645,'{\"owner\":Kathryn Leannon\"}','1997-08-21 19:52:53','2020-04-06 22:06:09'),(35,3,20,'https://dropbox/vk/file_5153',1091942,'{\"owner\":Savion Prosacco\"}','1999-10-13 13:17:36','2020-04-06 22:06:09'),(36,2,3,'https://dropbox/vk/file_1807',4969145,'{\"owner\":Teresa Lockman\"}','1998-12-28 22:16:18','2020-04-06 22:06:09'),(37,3,56,'https://dropbox/vk/file_3575',467562,'{\"owner\":Geovany Swift\"}','2006-12-30 23:56:15','2020-04-06 22:06:09'),(38,1,70,'https://dropbox/vk/file_2454',69656360,'{\"owner\":Genesis Boyle\"}','1992-04-02 19:54:22','2020-04-06 22:06:09'),(39,4,83,'https://dropbox/vk/file_1546',19030,'{\"owner\":Donato Schmidt\"}','1981-03-12 22:33:30','2020-04-06 22:06:09'),(40,1,2,'https://dropbox/vk/file_365',818933352,'{\"owner\":Anjali Senger\"}','1978-08-31 16:08:31','2020-04-06 22:06:09'),(41,2,61,'https://dropbox/vk/file_7187',5038663,'{\"owner\":Keely Hilll\"}','1997-03-01 15:40:25','2020-04-06 22:06:09'),(42,1,98,'https://dropbox/vk/file_4844',7987095,'{\"owner\":Kane Skiles\"}','2018-05-07 17:52:38','2020-04-06 22:06:09'),(43,4,7,'https://dropbox/vk/file_2656',8476017,'{\"owner\":Turner Smitham\"}','2011-08-28 18:04:12','2020-04-06 22:06:09'),(44,3,40,'https://dropbox/vk/file_8749',195242,'{\"owner\":Javonte Bode\"}','1996-03-16 00:07:51','2020-04-06 22:06:09'),(45,1,77,'https://dropbox/vk/file_5778',7164101,'{\"owner\":Tiffany VonRueden\"}','2008-11-03 17:59:17','2020-04-06 22:06:09'),(46,2,65,'https://dropbox/vk/file_2642',237864782,'{\"owner\":Clovis Heaney\"}','2015-04-12 11:43:11','2020-04-06 22:06:09'),(47,4,94,'https://dropbox/vk/file_5875',292456,'{\"owner\":Deja Larson\"}','2011-01-11 10:17:53','2020-04-06 22:06:09'),(48,1,74,'https://dropbox/vk/file_1452',9869976,'{\"owner\":Chandler Lind\"}','1974-01-14 03:05:58','2020-04-06 22:06:09'),(49,3,88,'https://dropbox/vk/file_9631',99569,'{\"owner\":Karianne Volkman\"}','1980-11-24 12:07:11','2020-04-06 22:06:09'),(50,3,17,'https://dropbox/vk/file_3803',602848834,'{\"owner\":Kris Beer\"}','1972-08-05 06:04:03','2020-04-06 22:06:09'),(51,4,21,'https://dropbox/vk/file_120',8372519,'{\"owner\":Imani Watsica\"}','1986-12-18 20:47:53','2020-04-06 22:06:09'),(52,3,52,'https://dropbox/vk/file_9190',834028422,'{\"owner\":Jacky Fritsch\"}','2013-09-11 09:32:19','2020-04-06 22:06:09'),(53,1,96,'https://dropbox/vk/file_5593',2152670,'{\"owner\":Karianne Turcotte\"}','1996-05-02 05:07:37','2020-04-06 22:06:09'),(54,1,24,'https://dropbox/vk/file_395',5545793,'{\"owner\":Mazie Dach\"}','2015-01-21 06:43:24','2020-04-06 22:06:09'),(55,1,31,'https://dropbox/vk/file_5195',1170960,'{\"owner\":Shayna Daugherty\"}','1989-11-25 06:49:07','2020-04-06 22:06:09'),(56,1,85,'https://dropbox/vk/file_4789',9117420,'{\"owner\":Myrtie Ebert\"}','1981-02-04 12:23:35','2020-04-06 22:06:09'),(57,3,29,'https://dropbox/vk/file_8361',1974225,'{\"owner\":Eula Kessler\"}','1977-04-25 05:09:01','2020-04-06 22:06:09'),(58,2,91,'https://dropbox/vk/file_7439',2418863,'{\"owner\":Alexandra Schuppe\"}','1971-03-19 20:46:29','2020-04-06 22:06:09'),(59,1,68,'https://dropbox/vk/file_2113',763658009,'{\"owner\":Deja Waelchi\"}','1982-05-29 09:50:36','2020-04-06 22:06:09'),(60,2,65,'https://dropbox/vk/file_8245',379333412,'{\"owner\":Clovis Heaney\"}','1979-12-04 09:17:14','2020-04-06 22:06:09'),(61,2,20,'https://dropbox/vk/file_4890',6071643,'{\"owner\":Savion Prosacco\"}','2002-04-23 19:27:32','2020-04-06 22:06:09'),(62,3,4,'https://dropbox/vk/file_9712',3001632,'{\"owner\":Cristopher Johnston\"}','1983-02-14 19:35:26','2020-04-06 22:06:09'),(63,4,59,'https://dropbox/vk/file_3893',8227038,'{\"owner\":Alejandrin Bednar\"}','2001-05-02 10:01:39','2020-04-06 22:06:09'),(64,3,83,'https://dropbox/vk/file_326',937463079,'{\"owner\":Donato Schmidt\"}','1980-09-02 01:37:03','2020-04-06 22:06:09'),(65,2,38,'https://dropbox/vk/file_9948',678660715,'{\"owner\":Ernesto Simonis\"}','1993-03-28 01:43:20','2020-04-06 22:06:09'),(66,3,41,'https://dropbox/vk/file_8767',6693229,'{\"owner\":Salvador Corkery\"}','2002-01-28 19:59:53','2020-04-06 22:06:09'),(67,2,90,'https://dropbox/vk/file_3990',191678,'{\"owner\":Ryan Kirlin\"}','1989-02-12 07:27:50','2020-04-06 22:06:09'),(68,4,28,'https://dropbox/vk/file_3650',61812,'{\"owner\":Niko Watsica\"}','1987-12-14 19:36:19','2020-04-06 22:06:09'),(69,1,69,'https://dropbox/vk/file_6278',4361253,'{\"owner\":Ivory Klocko\"}','2003-05-22 04:36:54','2020-04-06 22:06:09'),(70,2,60,'https://dropbox/vk/file_442',31367,'{\"owner\":Mireille Koelpin\"}','1977-07-24 06:10:20','2020-04-06 22:06:09'),(71,3,93,'https://dropbox/vk/file_3374',1626581,'{\"owner\":Blanche Johnston\"}','2003-02-15 03:30:45','2020-04-06 22:06:09'),(72,1,84,'https://dropbox/vk/file_5544',959327,'{\"owner\":Carolanne Huels\"}','1989-09-13 06:43:51','2020-04-06 22:06:09'),(73,4,41,'https://dropbox/vk/file_7600',4949145,'{\"owner\":Salvador Corkery\"}','1991-10-06 01:39:50','2020-04-06 22:06:09'),(74,4,52,'https://dropbox/vk/file_1369',495222259,'{\"owner\":Jacky Fritsch\"}','2014-03-15 13:13:28','2020-04-06 22:06:09'),(75,2,35,'https://dropbox/vk/file_4043',9765984,'{\"owner\":Ward Erdman\"}','1999-05-15 22:05:13','2020-04-06 22:06:09'),(76,2,18,'https://dropbox/vk/file_6108',3882491,'{\"owner\":Dane Considine\"}','2005-12-02 06:46:21','2020-04-06 22:06:09'),(77,4,84,'https://dropbox/vk/file_8412',10014503,'{\"owner\":Carolanne Huels\"}','1991-07-19 11:08:05','2020-04-06 22:06:09'),(78,1,68,'https://dropbox/vk/file_3739',63072,'{\"owner\":Deja Waelchi\"}','1974-10-05 03:16:40','2020-04-06 22:06:09'),(79,1,88,'https://dropbox/vk/file_3456',781564,'{\"owner\":Karianne Volkman\"}','1984-08-08 05:38:22','2020-04-06 22:06:09'),(80,1,35,'https://dropbox/vk/file_6064',505086331,'{\"owner\":Ward Erdman\"}','1995-04-08 19:02:01','2020-04-06 22:06:09'),(81,4,8,'https://dropbox/vk/file_9951',12181,'{\"owner\":Hettie Cole\"}','1980-09-19 21:56:31','2020-04-06 22:06:09'),(82,3,38,'https://dropbox/vk/file_1564',8325048,'{\"owner\":Ernesto Simonis\"}','1992-07-08 15:44:43','2020-04-06 22:06:09'),(83,4,64,'https://dropbox/vk/file_7965',1481733,'{\"owner\":Astrid O\'Keefe\"}','1989-11-15 12:32:55','2020-04-06 22:06:09'),(84,4,5,'https://dropbox/vk/file_5136',2333521,'{\"owner\":Moises Huel\"}','1977-01-26 00:06:50','2020-04-06 22:06:09'),(85,4,31,'https://dropbox/vk/file_1783',41235719,'{\"owner\":Shayna Daugherty\"}','2007-07-05 11:13:14','2020-04-06 22:06:09'),(86,4,42,'https://dropbox/vk/file_3507',7122408,'{\"owner\":Effie Lind\"}','1990-09-12 16:12:02','2020-04-06 22:06:09'),(87,2,16,'https://dropbox/vk/file_2186',8511482,'{\"owner\":Quentin Rohan\"}','1999-09-29 04:52:35','2020-04-06 22:06:09'),(88,2,55,'https://dropbox/vk/file_406',8382648,'{\"owner\":Randal Corwin\"}','1988-08-07 07:51:49','2020-04-06 22:06:09'),(89,4,24,'https://dropbox/vk/file_5474',1090190,'{\"owner\":Mazie Dach\"}','1976-09-02 02:46:50','2020-04-06 22:06:09'),(90,4,57,'https://dropbox/vk/file_6152',9816500,'{\"owner\":Mack Ryan\"}','2010-04-08 20:37:31','2020-04-06 22:06:09'),(91,3,12,'https://dropbox/vk/file_4337',9994154,'{\"owner\":Jaron Schiller\"}','1991-05-20 20:21:12','2020-04-06 22:06:09'),(92,2,90,'https://dropbox/vk/file_3230',5711937,'{\"owner\":Ryan Kirlin\"}','2016-07-30 02:44:29','2020-04-06 22:06:09'),(93,4,12,'https://dropbox/vk/file_3136',9010187,'{\"owner\":Jaron Schiller\"}','1989-01-21 15:14:37','2020-04-06 22:06:09'),(94,4,88,'https://dropbox/vk/file_5993',7815128,'{\"owner\":Karianne Volkman\"}','2002-09-02 18:02:39','2020-04-06 22:06:09'),(95,2,6,'https://dropbox/vk/file_556',1945082,'{\"owner\":Sadie Upton\"}','1980-03-22 12:24:05','2020-04-06 22:06:09'),(96,1,65,'https://dropbox/vk/file_4799',7029855,'{\"owner\":Clovis Heaney\"}','1996-04-25 11:25:40','2020-04-06 22:06:09'),(97,1,4,'https://dropbox/vk/file_2329',6180025,'{\"owner\":Cristopher Johnston\"}','2004-04-08 09:43:40','2020-04-06 22:06:09'),(98,2,27,'https://dropbox/vk/file_7248',178474,'{\"owner\":Lelia Conn\"}','1987-01-29 05:48:52','2020-04-06 22:06:09'),(99,2,22,'https://dropbox/vk/file_9255',4964883,'{\"owner\":Renee Armstrong\"}','1971-05-07 03:35:26','2020-04-06 22:06:09'),(100,1,29,'https://dropbox/vk/file_4529',6184341,'{\"owner\":Eula Kessler\"}','1979-05-23 11:34:07','2020-04-06 22:06:09');
/*!40000 ALTER TABLE `media` ENABLE KEYS */;
UNLOCK TABLES;

--
-- Table structure for table `media_types`
--

DROP TABLE IF EXISTS `media_types`;
/*!40101 SET @saved_cs_client     = @@character_set_client */;
/*!50503 SET character_set_client = utf8mb4 */;
CREATE TABLE `media_types` (
  `id` int unsigned NOT NULL AUTO_INCREMENT,
  `name` varchar(255) CHARACTER SET utf8 COLLATE utf8_unicode_ci NOT NULL,
  PRIMARY KEY (`id`),
  UNIQUE KEY `name` (`name`)
) ENGINE=InnoDB AUTO_INCREMENT=10 DEFAULT CHARSET=utf8 COLLATE=utf8_unicode_ci;
/*!40101 SET character_set_client = @saved_cs_client */;

--
-- Dumping data for table `media_types`
--

LOCK TABLES `media_types` WRITE;
/*!40000 ALTER TABLE `media_types` DISABLE KEYS */;
INSERT INTO `media_types` VALUES (1,'audio'),(2,'file'),(3,'photo'),(4,'video');
/*!40000 ALTER TABLE `media_types` ENABLE KEYS */;
UNLOCK TABLES;

--
-- Table structure for table `messages`
--

DROP TABLE IF EXISTS `messages`;
/*!40101 SET @saved_cs_client     = @@character_set_client */;
/*!50503 SET character_set_client = utf8mb4 */;
CREATE TABLE `messages` (
  `id` int unsigned NOT NULL AUTO_INCREMENT,
  `from_user_id` int unsigned NOT NULL,
  `to_user_id` int unsigned NOT NULL,
  `body` text CHARACTER SET utf8 COLLATE utf8_unicode_ci NOT NULL,
  `is_important` tinyint(1) DEFAULT NULL,
  `is_delivered` tinyint(1) DEFAULT NULL,
  `created_at` datetime DEFAULT CURRENT_TIMESTAMP,
  PRIMARY KEY (`id`)
) ENGINE=InnoDB AUTO_INCREMENT=101 DEFAULT CHARSET=utf8 COLLATE=utf8_unicode_ci;
/*!40101 SET character_set_client = @saved_cs_client */;

--
-- Dumping data for table `messages`
--

LOCK TABLES `messages` WRITE;
/*!40000 ALTER TABLE `messages` DISABLE KEYS */;
INSERT INTO `messages` VALUES (1,47,87,'Dolorem ut voluptas aperiam eos rerum. Officiis ratione qui sint nemo velit inventore temporibus reprehenderit. Nostrum commodi nulla corporis quis omnis maxime.',1,1,'2001-08-19 11:58:24'),(2,69,68,'Illum sunt autem temporibus corrupti et rerum placeat. Voluptatem nobis quis esse nihil odit rerum. Est voluptas placeat ab atque laudantium. Eligendi doloribus nam harum ut temporibus. Illum eum soluta perspiciatis sapiente voluptatem accusantium sunt.',0,1,'1983-08-18 14:12:55'),(3,100,76,'Saepe rem incidunt ipsam dolorem. Dolorem facilis voluptas quod exercitationem sit fuga. Perspiciatis in consequatur delectus eveniet.',0,1,'2019-08-11 02:48:15'),(4,96,77,'Est est aperiam voluptates consequatur. Non suscipit omnis voluptas accusantium fugiat. Quisquam provident repellat iure sed ipsum ipsum a tempore.',0,0,'1980-05-11 09:59:34'),(5,79,56,'Tempora sit atque iste sed facilis. Enim dolor et quia magnam sint vero rem. Voluptatem ducimus quaerat unde ab iure et molestias consequatur. Libero totam voluptatem cumque ea culpa maxime dicta.',0,0,'1979-08-23 15:41:10'),(6,4,48,'Ratione nihil eaque esse quasi eligendi. Repellendus sit autem doloremque est dolorem quis. Quidem a aliquam doloribus id similique et. Rerum iste aliquam error vel. Est cum asperiores sunt iure quos aut.',1,0,'1975-12-18 17:05:48'),(7,85,74,'Velit debitis veritatis consectetur voluptas eum. Tempora dolorem quidem nobis et unde neque mollitia. Nemo asperiores quae rerum. Aspernatur soluta magni consequatur quia et et sequi.',1,0,'1990-09-03 05:12:50'),(8,13,23,'Quasi quia distinctio modi molestiae sit. Molestias et accusantium soluta quo doloremque doloribus. Aut reiciendis est iure distinctio explicabo necessitatibus. Et earum quasi ex suscipit quos.',1,1,'1996-10-05 11:20:57'),(9,10,95,'Dignissimos autem nulla ea adipisci quaerat. Dicta ut labore tempore assumenda omnis qui commodi est. Fuga sequi accusamus natus cupiditate consequatur. Expedita aut nesciunt et eaque cumque. Tempora neque vitae enim ut sit.',0,0,'1972-07-25 23:39:42'),(10,9,4,'Ab repellendus sed iusto odit qui in ullam. Ut et temporibus sunt dolorum quasi omnis non et. Non ut consequuntur consequatur omnis dolorum. Et sed sint inventore tempore consequatur. Voluptate voluptatum autem aut et molestias rerum.',1,0,'1992-03-13 06:34:56'),(11,15,33,'Et officiis voluptatem qui exercitationem explicabo consequuntur eius. Quisquam tempora magnam aut iusto et voluptatem.',0,0,'1978-10-30 03:06:47'),(12,47,54,'Itaque provident ut error vero. Animi sed qui doloribus recusandae perferendis recusandae. Veniam magnam quia atque ratione autem.',0,1,'1981-11-29 17:20:30'),(13,88,70,'Sunt voluptas officiis adipisci atque. Similique dicta aperiam quo in. Alias et nihil neque autem placeat quas sunt.',1,0,'1971-02-26 17:07:42'),(14,100,86,'Aut quibusdam est eligendi ea corporis unde ipsum. Cupiditate qui nihil dolores reprehenderit voluptatem amet. Officiis accusamus nisi unde perspiciatis qui. Mollitia molestiae tempore alias est facere dolores. Minus in consequuntur eius et mollitia ut autem.',0,0,'1973-07-07 13:29:24'),(15,35,20,'Rerum voluptatum magni a. Amet sapiente animi inventore ut ea harum.',1,0,'1977-03-09 07:16:34'),(16,76,44,'Dignissimos eos voluptas ut illo facilis qui. Alias voluptas id beatae quo neque aliquam. Incidunt et optio eos quos sit eum. Esse quam ut consequatur qui iste qui.',1,1,'2001-03-25 05:05:55'),(17,74,56,'Dolorem unde excepturi non vel culpa velit provident. Amet aut quam ipsam amet voluptas quas laboriosam. Et impedit voluptas quo velit asperiores quisquam.',1,0,'1971-11-18 10:14:07'),(18,42,49,'Consequatur laudantium provident nesciunt repellat omnis. Similique ducimus accusamus labore et accusantium sit qui. Quaerat maiores dolorem ipsum similique dolor.',0,1,'2010-05-25 04:14:22'),(19,86,77,'Exercitationem error rem animi iure natus et. Ullam voluptatem nihil aperiam. A ut totam quia qui ut autem. Velit excepturi ipsam perspiciatis praesentium dolores molestiae aliquid.',0,1,'2015-07-01 03:15:50'),(20,5,35,'Nobis in est asperiores beatae. Quas incidunt molestias ut esse. Saepe pariatur illum sint illum reiciendis adipisci.',0,1,'2009-02-14 02:55:51'),(21,67,46,'Voluptatum rem error exercitationem omnis quo. Nihil praesentium optio ea asperiores. Maxime totam ut impedit saepe consequatur sed. Et rerum molestiae sint voluptas omnis quia.',1,1,'2000-08-06 18:42:07'),(22,19,25,'Nemo aut repellat consequuntur. Cumque id quisquam porro velit dolorum. Optio dolor aliquid delectus eligendi et.',1,0,'2017-03-10 20:12:55'),(23,94,87,'Dolores quidem aut voluptatem quasi consequatur iusto. Aut necessitatibus quas laborum excepturi. Et non tempore qui pariatur earum. Porro omnis qui dolorum atque harum omnis molestiae.',0,1,'2013-09-23 03:27:28'),(24,13,60,'Voluptatem nesciunt modi praesentium dolore. Et aut doloribus voluptatem perferendis voluptas mollitia officia tenetur. Voluptates aut possimus nesciunt ut impedit adipisci minima.',0,0,'1992-06-19 04:20:06'),(25,80,38,'Quibusdam quo et minus nam. Quae iusto veritatis exercitationem et quisquam laborum suscipit. Esse ut odit sit. Voluptas cumque consequuntur quia deleniti.',0,0,'1992-02-15 05:53:54'),(26,64,10,'At quam sequi officiis ipsa quia aliquid in. Id sed officiis nostrum et. Voluptas illo aut non perspiciatis perferendis rem. Voluptatum minima aut eius at.',1,1,'1988-10-01 08:45:32'),(27,76,35,'Enim aut quia nemo impedit. Voluptate sequi explicabo consequuntur voluptate placeat. Magnam aut consequuntur et est esse eos ut. Perferendis sit necessitatibus veritatis ipsa voluptas maiores.',0,0,'1978-08-31 05:56:30'),(28,90,44,'Corporis sint non ut voluptatem. Laboriosam maxime voluptate vel nisi non aliquam labore aut. Veniam dolore ea ut neque cum. A minus molestiae voluptatem atque eaque.',0,0,'1982-06-03 08:41:39'),(29,22,13,'Voluptate expedita soluta quidem aut perferendis. Maiores quia consectetur ipsa sunt necessitatibus. Consectetur voluptate nihil esse quae dolores omnis rerum dolore.',0,0,'1976-09-21 11:11:25'),(30,40,33,'Aut rerum ut porro id. Quisquam sint iusto reiciendis et iusto et. Omnis id libero architecto voluptatem ad dicta. Nemo dolore ipsum rerum consequuntur consequuntur ea rerum.',0,1,'2014-05-23 09:20:51'),(31,33,24,'Totam occaecati ut pariatur voluptas. Minima sed fugit non totam magni delectus quia. Saepe quis iure aliquam facere aut itaque.',0,0,'2014-12-06 02:54:30'),(32,45,22,'Libero dolores tempore numquam nam sequi et quae. Beatae occaecati ut similique quod. Alias ut alias totam vitae doloribus et nobis.',0,0,'2005-08-05 03:53:55'),(33,25,37,'Magnam commodi cum rem accusamus et dolore doloremque consectetur. Debitis omnis culpa dolorem temporibus explicabo nemo.',0,1,'1999-10-19 15:39:27'),(34,90,20,'Et illum consectetur perferendis quae sapiente id. Placeat consequuntur cupiditate quod sit consequatur molestias sit. Asperiores et et delectus aut. Ut deserunt ut aut. Sit nostrum eius quis itaque sit accusantium alias.',1,0,'2003-02-07 07:11:15'),(35,73,89,'Est molestiae fugit cumque exercitationem similique molestiae rerum ratione. Fugiat recusandae aut molestias alias. Eius ad fugit debitis magni. Consectetur ratione cupiditate consequatur atque facere adipisci optio.',1,0,'2013-12-31 09:14:51'),(36,94,82,'Est nemo fugiat eos sint repellendus. Sit ratione maxime reprehenderit neque excepturi commodi enim. Tempore recusandae aliquam reiciendis minima numquam in.',1,0,'1977-04-19 02:45:30'),(37,50,46,'Enim magni molestiae et ratione repudiandae id. Est veniam in inventore numquam alias ut voluptate. Pariatur magnam est quae. Eveniet repudiandae cumque eos.',1,0,'1979-01-05 21:34:14'),(38,70,81,'Consequuntur nobis rerum quo explicabo qui. Distinctio perspiciatis molestias libero impedit eaque aperiam sapiente. Asperiores ratione dolorum et ut. Expedita autem expedita sit reprehenderit.',0,1,'1995-02-17 08:23:57'),(39,97,65,'Aspernatur aut maiores qui quis. Consectetur nisi ut ut tempora accusantium sit. Dolorem neque ratione fugit ut ut. Illum maiores rerum recusandae quis sit nisi neque voluptates.',1,0,'1985-11-23 14:50:17'),(40,77,84,'Quibusdam qui commodi quam explicabo corporis pariatur sint. Animi excepturi est consequuntur id totam recusandae impedit quam. Distinctio ut ut corrupti eum perspiciatis animi qui. Nemo aliquid id in officia excepturi.',0,0,'1981-09-04 23:44:01'),(41,93,23,'Dolores est aut nihil fuga commodi. Laboriosam soluta omnis autem soluta ut distinctio dolorum amet. Natus rerum ea aut consectetur quidem ipsum molestias.',0,1,'2016-03-01 01:16:58'),(42,33,65,'Ipsam consequatur eos earum quia. Officia expedita quam labore cupiditate. Blanditiis sed consequatur ut. Et magnam ea pariatur impedit.',1,0,'1973-09-29 06:06:52'),(43,84,55,'Commodi totam quis sunt commodi sunt. Corrupti ut temporibus doloribus error consequatur est.',1,0,'1976-11-17 23:48:01'),(44,22,79,'Voluptate ex ea ut ipsum quo eos iste. Ipsa tempore aut totam est dolorem. Voluptas ab pariatur architecto et. Velit hic et magni ducimus placeat eos dolores cum.',0,0,'1994-12-20 02:31:56'),(45,57,28,'Nesciunt nesciunt inventore non suscipit soluta quasi adipisci. Repellat velit quia cupiditate quisquam esse consequatur hic architecto. Vitae qui possimus voluptas quam voluptatem. Qui eius officiis voluptatem laudantium nihil.',1,1,'2001-10-29 08:09:29'),(46,20,2,'Et dolor qui distinctio fuga praesentium. Ipsa et sint aliquid voluptatibus. Omnis nihil qui soluta molestiae enim fuga corrupti. Quasi eos autem et sint sit.',0,1,'1981-01-31 12:03:07'),(47,28,25,'Aut enim voluptas placeat ipsum reiciendis ducimus. Nesciunt ut et dolores veritatis iste. Natus facilis culpa laborum aut. Nam labore dolorum porro impedit.',0,0,'2008-02-05 09:22:29'),(48,78,18,'Dolorem sit similique unde beatae expedita. Recusandae excepturi distinctio in magni non optio. Sunt perferendis cum ab molestias enim.',0,1,'2012-01-09 01:43:05'),(49,7,18,'Amet aut quis similique deleniti. Tenetur fugit quia nisi ex non dolor.',0,0,'2015-12-29 23:48:15'),(50,99,32,'Amet modi quis debitis excepturi. Explicabo iure eos aut amet. Sunt soluta ratione est. Voluptate debitis sed cum nihil sint et.',1,0,'1985-08-12 23:38:35'),(51,74,8,'Qui amet nostrum quia assumenda. Illum sunt dolorem nihil incidunt dolores mollitia perferendis. Omnis autem ad animi ex odit qui eveniet.',0,0,'1992-03-14 07:22:52'),(52,75,42,'Velit inventore dolorum velit consequatur asperiores. Ducimus enim veniam tempore aut. Eligendi repudiandae iure et possimus.',1,0,'2005-03-01 19:11:09'),(53,49,88,'Ut asperiores vel pariatur sunt est nihil vel. Voluptatum possimus sed velit id laboriosam doloremque provident. Enim et facere unde reprehenderit placeat neque sunt.',0,1,'1987-10-29 06:26:59'),(54,22,12,'Itaque rerum doloribus nemo cum. Ut molestias inventore dolor facilis. Aut ut voluptatum consectetur distinctio.',0,0,'1972-10-20 21:52:36'),(55,61,94,'Placeat blanditiis quibusdam minima modi voluptas. Ipsam sit voluptatem repellendus quam. Sed similique explicabo culpa earum aut veritatis repellat.',0,0,'2001-04-29 04:01:56'),(56,38,35,'Quo est deleniti quae. Velit tempora eos facilis labore quo culpa et assumenda. Architecto dolor vel eveniet. Vel ex esse sit nostrum.',0,0,'1992-07-23 21:34:03'),(57,5,93,'Error dolore quidem libero fugiat molestiae quia placeat non. Voluptatem doloremque maiores eos. Vel ut deleniti consequatur molestiae voluptate.',1,0,'1970-11-04 17:07:15'),(58,14,60,'Eveniet quia voluptatum aut ea aperiam nisi veritatis. Et sit perspiciatis mollitia sit perferendis cupiditate. Debitis dignissimos vel aspernatur dolorem perspiciatis voluptatem ipsam. Incidunt animi sequi neque dolorum occaecati quasi ullam.',0,1,'1996-01-06 14:25:47'),(59,52,19,'Suscipit dicta occaecati accusamus distinctio. Ex error accusantium eveniet. Quod magni ut quis ut magnam tenetur dolores.',1,0,'1978-05-27 14:50:26'),(60,20,13,'Qui a suscipit maxime doloremque voluptatibus voluptas soluta ratione. Aut et quia amet alias numquam ad. Voluptas quae dolorem itaque facere ex.',1,1,'1996-01-14 18:41:51'),(61,43,10,'At necessitatibus architecto neque consequatur. In ut error pariatur et et mollitia voluptatibus. Cupiditate modi hic illum.',1,1,'2014-08-12 19:27:18'),(62,56,9,'Quo ex sunt aut. Est qui beatae repudiandae eveniet quo repudiandae. Tempore voluptatem et numquam esse architecto.',0,0,'1987-04-15 07:12:44'),(63,49,16,'Nemo in dolores soluta accusantium. Ad sunt sapiente blanditiis dolor nihil optio. Perspiciatis iure voluptas explicabo.',1,1,'2019-06-14 07:18:11'),(64,78,50,'Libero sit natus voluptatem assumenda doloribus possimus. Aut neque nulla eius sapiente nemo voluptas. Placeat esse adipisci dolorem enim maxime dolore. Hic expedita enim non laboriosam delectus fugiat.',0,0,'2008-09-29 13:10:15'),(65,40,2,'Esse mollitia ducimus molestiae ex consequuntur. Molestiae nihil itaque ea aut et. Occaecati rerum et in accusamus nobis et consequuntur. Ea quia a id tempore atque officiis.',0,0,'2010-06-24 21:22:20'),(66,66,62,'Veniam doloremque porro adipisci nobis. Assumenda cum ut dicta sint architecto maxime in animi. Sunt molestiae rerum explicabo. Neque praesentium vel labore ea nostrum accusantium. Ad reprehenderit odit earum facere nesciunt.',0,0,'1990-12-03 20:01:38'),(67,11,100,'Veniam eligendi quod debitis ut aperiam incidunt. Labore ut voluptas praesentium perferendis aut ut totam. Autem sit aut deleniti. Praesentium et quis aut non corporis.',0,0,'2018-08-15 17:56:44'),(68,57,16,'Amet aut necessitatibus voluptatem voluptas hic quas. Vel sequi quia dolore sed velit odit ad mollitia. Illo doloremque vel eaque rem est.',1,0,'2013-10-18 08:38:37'),(69,49,78,'Possimus dolorem autem amet sit qui dolorem nobis. Minima veritatis qui porro quis dolor. Nemo possimus nulla fugit ullam quam laudantium tempore. Nemo modi magni laborum autem aut ex sint.',0,0,'2000-02-06 08:02:01'),(70,73,44,'Est placeat eos quia et minima veniam autem. Commodi ad ea nemo officia qui magni saepe. Est odit recusandae nam quaerat. Praesentium consequatur laudantium nostrum nostrum et. Itaque ut nam consequatur.',0,0,'2018-11-15 19:27:32'),(71,20,82,'Consectetur sed est ex qui. In nisi hic maxime fugiat. Et nobis aut aspernatur ut. Perferendis modi quisquam sit dolorum magni deserunt.',1,1,'2013-09-26 01:07:08'),(72,79,80,'Aut voluptas est id ullam enim sequi velit. Culpa nostrum iure sed in. Tenetur velit autem iure ipsum. Placeat eum fugiat dolor corporis reiciendis.',0,1,'1985-08-05 00:21:13'),(73,36,51,'Eius quos sapiente ipsa necessitatibus. Odit occaecati quidem est blanditiis. Eligendi ad iste similique qui adipisci voluptatem.',0,0,'2000-10-29 03:56:38'),(74,41,17,'Nihil delectus et in unde cum sint aut. Praesentium perferendis cupiditate atque. Illum et sapiente similique eligendi voluptatibus. Molestiae at hic enim molestias nemo.',1,1,'1985-03-25 03:47:10'),(75,95,32,'Facilis perspiciatis nam incidunt. Velit dolor quisquam doloremque quas aut deleniti. Illum amet consectetur quo velit nisi ut sed totam.',0,1,'1984-01-21 17:51:11'),(76,54,6,'Voluptas dicta quia nisi voluptas quod voluptatibus. Commodi quidem officia provident cum sapiente odio occaecati. Sint cum similique eum ut minima non id. Aut eaque aut voluptatum neque recusandae non eos.',1,0,'2005-01-24 06:01:49'),(77,83,35,'Incidunt fugit eaque iste asperiores sit vel deleniti. Animi sed id quia incidunt. In qui eum voluptatibus. Velit alias aspernatur error doloremque omnis commodi.',1,0,'2018-05-31 02:10:50'),(78,54,57,'Unde vero rerum aut et. Et voluptatem tempora et commodi aspernatur. Eaque et minus recusandae veritatis aliquam asperiores.',1,0,'1999-02-12 01:04:56'),(79,20,78,'Consequatur consequatur qui aut et ad quis. Eveniet nobis minima dolor vitae reiciendis omnis. Nisi id et unde suscipit quidem corrupti iusto vel.',1,1,'2006-12-28 20:41:11'),(80,35,20,'Eos quidem natus architecto et delectus qui saepe. Deserunt quam suscipit quod porro iusto. Est voluptate omnis id id. Et recusandae quo ipsam voluptas fugiat ut.',1,0,'2013-07-19 15:56:46'),(81,17,63,'Voluptatem suscipit quibusdam assumenda voluptatem consequatur et. Et vel libero et quo perspiciatis. Nisi aut fugit rem nesciunt voluptatem eos perspiciatis eos. Quia ut iure voluptatibus.',1,1,'1997-03-20 10:45:19'),(82,81,56,'Quidem nihil voluptates qui qui rerum. Ut et ipsa iure nesciunt quia est. Rerum et tempora magni voluptatem officia ullam exercitationem dolor. Totam illum necessitatibus at sit velit et nobis.',1,1,'2011-07-13 07:10:12'),(83,52,89,'Dolorum et id debitis veniam. Repudiandae perferendis nobis debitis culpa. Blanditiis perferendis labore maiores mollitia repudiandae.',1,0,'1991-05-07 15:23:18'),(84,17,77,'Omnis itaque quaerat aut voluptatem odio. Soluta quaerat ut ad voluptatum veritatis atque. Perferendis reprehenderit in molestiae odio totam ipsa et.',1,1,'1977-06-13 23:22:51'),(85,28,18,'Repudiandae veritatis vel et quod. Eos et eum nam ut qui minus est. Ducimus ut fugit minus a qui ipsa. Et neque temporibus sint est distinctio.',1,1,'1984-05-25 08:30:39'),(86,87,60,'Aperiam provident vero aliquam dignissimos. Occaecati ex aliquam ut incidunt. Distinctio facilis officia consectetur consectetur accusantium sed nihil. Et corrupti libero veritatis porro iure exercitationem quod.',0,0,'1990-03-14 15:37:21'),(87,53,44,'Vitae enim enim sunt. Et sit ipsa autem quibusdam. Modi delectus possimus illo consequatur eligendi facere.',1,1,'1983-10-03 03:02:13'),(88,4,39,'Neque culpa quia quas ut aliquam iste fugiat in. Ut non voluptas maxime voluptates sunt rem quis magnam. Illum deserunt omnis accusamus aut non similique. Natus commodi similique rerum ea et perferendis.',1,0,'1982-07-14 10:46:57'),(89,58,64,'Omnis corrupti et aut et nisi vero. Eos atque tempore nostrum quibusdam id harum nam. Doloremque vel ut quos. Ut quo autem exercitationem accusamus dignissimos dolorum saepe quis.',1,1,'1982-08-03 13:55:04'),(90,77,2,'Non odio dolorum reprehenderit molestiae ducimus et ex iure. Vel sed autem nam recusandae impedit. Quidem quis beatae sunt voluptatem quod. Quod et aut sapiente aut sit ipsa repellat fugiat.',1,1,'2015-10-25 06:52:53'),(91,13,18,'Laborum ullam voluptatum incidunt nisi beatae libero. Eum sit et nulla ipsa ut. Voluptatem doloribus modi quis ad. Aut sit et deserunt placeat unde cupiditate.',0,1,'1978-06-13 06:19:46'),(92,34,82,'Earum in placeat accusamus accusamus id voluptatibus. Qui eum tempore non iste sed.',0,0,'1970-12-19 03:12:16'),(93,31,58,'Ab fugiat facere possimus ad. Consequuntur enim inventore aut fuga qui. Voluptas nihil qui est aut.',0,0,'1996-05-22 08:21:19'),(94,52,43,'Ullam qui et est consequatur natus. Ut et et quis itaque officiis omnis.',1,0,'2013-07-20 14:37:01'),(95,66,40,'Earum ipsam autem odit occaecati quidem ullam. Corporis fuga aspernatur voluptate quibusdam et asperiores qui. Voluptas et reiciendis ab aut possimus perferendis.',1,0,'1972-10-25 01:01:16'),(96,75,71,'Deserunt commodi amet temporibus hic dolorum porro labore et. Quia eaque corporis qui sint aut adipisci similique. Et deserunt id aut. Quidem aut excepturi accusantium magnam aut. Aut id in ea modi quia quasi ab.',1,1,'2011-07-29 11:22:05'),(97,74,32,'Esse rerum inventore recusandae asperiores. Consequuntur ea est nihil nostrum in non veritatis velit. Reiciendis dolores et quasi quisquam minima aut deleniti.',1,1,'2002-04-18 12:58:00'),(98,44,49,'Amet consectetur cupiditate neque est quia eos. Sed eaque deserunt voluptatem fugiat impedit. Nulla ea in facilis. Et aliquid voluptatum dignissimos voluptatem.',1,0,'2003-03-12 17:39:37'),(99,98,46,'Suscipit rerum officiis dolores cum sed consequuntur sunt. Doloremque quia nobis ex aliquid saepe. Aspernatur accusantium ad incidunt deserunt voluptatem. Facilis similique eveniet voluptas accusamus perferendis sunt ut totam.',1,0,'2017-08-16 01:29:07'),(100,56,86,'Voluptatibus impedit incidunt blanditiis distinctio consectetur rerum optio. Dignissimos fugit doloremque omnis. Nihil eum eum possimus eligendi explicabo. Dignissimos aut explicabo quae velit.',0,0,'1993-12-22 13:53:56');
/*!40000 ALTER TABLE `messages` ENABLE KEYS */;
UNLOCK TABLES;

--
-- Table structure for table `profiles`
--

DROP TABLE IF EXISTS `profiles`;
/*!40101 SET @saved_cs_client     = @@character_set_client */;
/*!50503 SET character_set_client = utf8mb4 */;
CREATE TABLE `profiles` (
  `user_id` int unsigned NOT NULL,
  `gender` char(1) CHARACTER SET utf8 COLLATE utf8_unicode_ci NOT NULL,
  `birthday` date DEFAULT NULL,
  `city` varchar(100) CHARACTER SET utf8 COLLATE utf8_unicode_ci DEFAULT NULL,
  `country` varchar(100) CHARACTER SET utf8 COLLATE utf8_unicode_ci DEFAULT NULL,
  `photo_id` int unsigned NOT NULL,
  `created_at` datetime DEFAULT CURRENT_TIMESTAMP,
  `updated_at` datetime DEFAULT CURRENT_TIMESTAMP ON UPDATE CURRENT_TIMESTAMP,
  PRIMARY KEY (`user_id`)
) ENGINE=InnoDB DEFAULT CHARSET=utf8 COLLATE=utf8_unicode_ci;
/*!40101 SET character_set_client = @saved_cs_client */;

--
-- Dumping data for table `profiles`
--

LOCK TABLES `profiles` WRITE;
/*!40000 ALTER TABLE `profiles` DISABLE KEYS */;
INSERT INTO `profiles` VALUES (1,'f','1999-10-22','East Magdalen','20618188',1,'1970-07-28 07:26:20','2020-04-06 21:39:37'),(2,'f','2014-09-29','New Cruzfort','',2,'1982-01-23 08:34:01','2020-04-06 21:39:37'),(3,'m','1986-07-19','Effertzmouth','34602',3,'2011-02-09 22:27:03','2020-04-06 21:39:37'),(4,'f','1973-06-17','North Ashleighchester','42',4,'1994-02-18 02:56:23','2020-04-06 21:39:37'),(5,'f','1980-06-22','North Gaylechester','',5,'2010-05-17 14:38:26','2020-04-06 21:39:37'),(6,'m','2014-12-08','Port Jordiland','976232024',6,'1999-12-25 01:01:39','2020-04-06 21:39:37'),(7,'f','2006-07-20','East Maryam','874',7,'1997-08-01 16:25:36','2020-04-06 21:39:37'),(8,'f','1996-03-09','Omertown','2',8,'1970-04-02 04:22:52','2020-04-06 21:39:37'),(9,'m','1983-08-15','New Lucienneburgh','608306',9,'1994-02-01 16:53:19','2020-04-06 21:39:37'),(10,'f','1992-11-17','East Jordaneburgh','22',10,'1986-08-02 16:26:22','2020-04-06 21:39:37'),(11,'m','2004-03-20','East Alexie','5',11,'1983-09-06 06:21:22','2020-04-06 21:39:37'),(12,'f','1976-09-28','Reyesfurt','59782',12,'1991-01-21 10:22:58','2020-04-06 21:39:37'),(13,'m','2018-04-27','South Ethylborough','91575138',13,'2016-07-18 22:01:24','2020-04-06 21:39:37'),(14,'m','1981-08-03','South Henriettetown','4',14,'1981-10-26 07:40:58','2020-04-06 21:39:37'),(15,'m','2010-04-28','East Tia','77187063',15,'1978-10-02 07:17:33','2020-04-06 21:39:37'),(16,'f','1998-02-22','Mullerborough','',16,'2019-04-01 05:04:39','2020-04-06 21:39:37'),(17,'f','1980-11-20','West Onachester','7966',17,'2018-12-29 03:49:37','2020-04-06 21:39:37'),(18,'f','2004-06-20','North Alexanetown','45',18,'1973-01-27 07:05:22','2020-04-06 21:39:37'),(19,'m','1982-06-15','Skylarland','664329',19,'1970-06-15 11:36:56','2020-04-06 21:39:37'),(20,'f','1975-09-28','South Raleigh','',20,'1978-12-06 09:36:31','2020-04-06 21:39:37'),(21,'f','1998-01-28','Ivoryville','',21,'2003-04-18 09:09:38','2020-04-06 21:39:37'),(22,'m','1998-05-31','Waltonville','3015',22,'1972-08-20 10:46:44','2020-04-06 21:39:37'),(23,'m','2010-08-23','Casimerside','8825124',23,'2005-02-23 05:08:56','2020-04-06 21:39:37'),(24,'f','1975-11-08','West Darrionmouth','88901226',24,'2011-02-15 19:06:01','2020-04-06 21:39:37'),(25,'f','1978-09-05','Kassandrafort','17725977',25,'1993-10-02 01:08:18','2020-04-06 21:39:37'),(26,'f','2002-04-18','Lake Anita','26',26,'1998-08-08 08:27:10','2020-04-06 21:39:37'),(27,'f','1992-03-04','North Clementinetown','41394599',27,'2007-08-03 06:19:12','2020-04-06 21:39:37'),(28,'f','1970-01-13','Grimesbury','956',28,'1997-10-21 06:50:39','2020-04-06 21:39:37'),(29,'m','1995-10-28','Amychester','80',29,'2017-11-05 21:10:38','2020-04-06 21:39:37'),(30,'m','1993-01-30','Schusterview','64118917',30,'1987-11-01 18:40:31','2020-04-06 21:39:37'),(31,'f','1973-02-08','Lillafurt','',31,'2001-06-22 20:12:18','2020-04-06 21:39:37'),(32,'f','1987-12-02','Marjorieland','8006580',32,'1984-08-28 06:42:26','2020-04-06 21:39:37'),(33,'m','2010-11-24','Cydneyberg','64611',33,'1971-08-27 20:06:33','2020-04-06 21:39:37'),(34,'m','1972-05-08','Stantonside','3093396',34,'1982-01-28 13:43:16','2020-04-06 21:39:37'),(35,'f','2016-01-27','West Russel','3',35,'1974-06-15 11:19:08','2020-04-06 21:39:37'),(36,'m','2008-11-20','Shanahanmouth','6305',36,'1996-12-21 07:22:48','2020-04-06 21:39:37'),(37,'f','2000-10-03','North Clairtown','79',37,'2017-09-23 09:24:34','2020-04-06 21:39:37'),(38,'m','1976-09-14','Myrticechester','320851002',38,'1977-02-19 01:11:21','2020-04-06 21:39:37'),(39,'f','1977-04-07','Quitzonland','204473935',39,'2012-01-24 18:10:46','2020-04-06 21:39:37'),(40,'m','2009-12-21','East Breanna','62',40,'1999-12-16 11:49:25','2020-04-06 21:39:37'),(41,'m','1979-04-14','Toreyview','15412775',41,'1986-07-08 21:59:09','2020-04-06 21:39:37'),(42,'f','2003-10-16','Romagueraberg','5917745',42,'2006-01-06 03:23:08','2020-04-06 21:39:37'),(43,'f','1994-12-05','New Krystal','951109',43,'2008-04-09 04:43:58','2020-04-06 21:39:37'),(44,'f','2003-12-26','North Bettie','5',44,'2003-04-14 21:51:44','2020-04-06 21:39:37'),(45,'f','1983-07-04','Allenview','239720',45,'1992-05-25 17:31:05','2020-04-06 21:39:37'),(46,'m','1979-07-30','Rennerfurt','8877',46,'2018-09-12 19:31:23','2020-04-06 21:39:37'),(47,'f','2003-04-04','Lake Grantview','7',47,'1982-09-29 04:17:40','2020-04-06 21:39:37'),(48,'f','1998-12-25','South Milanberg','250',48,'2019-01-05 20:18:36','2020-04-06 21:39:37'),(49,'f','2002-12-30','Lake Libbieshire','399831',49,'1990-05-16 19:39:14','2020-04-06 21:39:37'),(50,'m','1980-06-24','South Shawnaport','',50,'1976-09-27 17:18:26','2020-04-06 21:39:37'),(51,'f','2001-03-13','Lake Myrtiemouth','7825871',51,'1978-09-18 07:04:25','2020-04-06 21:39:37'),(52,'f','1982-04-26','Bryanaview','91',52,'2018-03-16 01:07:10','2020-04-06 21:39:37'),(53,'m','1973-09-05','Kochshire','415467',53,'1987-09-11 02:24:37','2020-04-06 21:39:37'),(54,'m','1971-03-14','South Marlee','3680',54,'2008-11-04 21:10:43','2020-04-06 21:39:37'),(55,'m','2007-02-27','East Zachariah','4',55,'2001-09-15 03:32:50','2020-04-06 21:39:37'),(56,'f','2015-12-22','South Dexterchester','586',56,'1991-11-26 20:40:22','2020-04-06 21:39:37'),(57,'f','2008-03-09','Browntown','',57,'1971-05-30 22:48:32','2020-04-06 21:39:37'),(58,'m','2004-07-21','North Hellen','851170',58,'2016-08-07 14:58:29','2020-04-06 21:39:37'),(59,'m','1990-04-23','New Callie','67',59,'1987-05-25 13:48:30','2020-04-06 21:39:37'),(60,'f','2012-02-26','South Ruth','',60,'1972-05-25 07:25:40','2020-04-06 21:39:37'),(61,'m','2018-10-04','Port Aylintown','963502332',61,'2011-12-15 16:09:53','2020-04-06 21:39:37'),(62,'f','1980-07-14','New Muhammad','9444065',62,'2016-04-29 01:41:30','2020-04-06 21:39:37'),(63,'m','2007-05-02','Port Janiston','36095',63,'1981-10-04 01:36:41','2020-04-06 21:39:37'),(64,'m','1993-04-16','Raemouth','413',64,'1986-11-15 15:22:53','2020-04-06 21:39:37'),(65,'f','2009-04-19','Anabelleland','',65,'2008-06-01 19:45:58','2020-04-06 21:39:37'),(66,'f','1991-01-09','Satterfieldbury','212',66,'1974-09-14 13:08:16','2020-04-06 21:39:37'),(67,'f','2018-12-09','Esteltown','176',67,'2019-02-17 19:55:28','2020-04-06 21:39:37'),(68,'f','1973-08-24','Port Mckaylaburgh','75768',68,'1984-12-30 07:11:36','2020-04-06 21:39:37'),(69,'m','1975-08-23','Rauside','3382149',69,'2013-07-26 13:23:27','2020-04-06 21:39:37'),(70,'m','1995-06-27','Lake Lenorafurt','36608',70,'1994-11-15 23:29:08','2020-04-06 21:39:37'),(71,'m','1994-12-11','Langworthstad','6',71,'2000-03-24 15:34:04','2020-04-06 21:39:37'),(72,'f','1982-05-23','West Philip','80985',72,'2018-01-31 06:59:52','2020-04-06 21:39:37'),(73,'m','1976-10-21','Valerieshire','568775083',73,'1986-04-29 03:57:15','2020-04-06 21:39:37'),(74,'f','2014-10-28','South Norwood','6822607',74,'1980-09-03 13:40:14','2020-04-06 21:39:37'),(75,'f','2007-12-31','Thompsonland','770260130',75,'1984-08-13 06:19:46','2020-04-06 21:39:37'),(76,'f','1998-12-24','Lake Kavonville','7',76,'1992-11-25 06:46:47','2020-04-06 21:39:37'),(77,'m','2012-02-16','Aftonhaven','713830787',77,'2015-11-13 16:15:57','2020-04-06 21:39:37'),(78,'m','1970-12-17','Sengertown','2177',78,'1972-08-03 01:47:32','2020-04-06 21:39:37'),(79,'f','1974-03-15','Wunschview','561',79,'1975-12-18 11:39:32','2020-04-06 21:39:37'),(80,'m','1987-09-01','Makenziemouth','31752969',80,'1974-12-29 03:24:55','2020-04-06 21:39:37'),(81,'m','1996-05-22','Wehnerstad','9',81,'2007-12-15 13:05:58','2020-04-06 21:39:37'),(82,'f','2010-07-26','Pinkieburgh','48',82,'2007-01-24 17:46:45','2020-04-06 21:39:37'),(83,'f','2006-12-06','Bartonberg','669138420',83,'2002-04-29 13:05:14','2020-04-06 21:39:37'),(84,'f','1999-12-31','Lavadaville','36703',84,'2017-05-10 23:36:24','2020-04-06 21:39:37'),(85,'f','1982-12-30','Lake Justinaport','475484',85,'1995-05-02 02:53:07','2020-04-06 21:39:37'),(86,'f','2018-10-04','Bernietown','3873',86,'1981-11-24 21:34:44','2020-04-06 21:39:37'),(87,'m','2017-09-04','Lake Savannahville','36951899',87,'2002-01-04 22:57:58','2020-04-06 21:39:37'),(88,'f','2004-07-28','South Cadenside','6784837',88,'2019-10-21 19:53:40','2020-04-06 21:39:37'),(89,'f','2016-12-29','Lake Darien','56962806',89,'1989-11-16 04:47:07','2020-04-06 21:39:37'),(90,'f','1994-02-07','Janfort','9262',90,'1983-06-16 23:05:57','2020-04-06 21:39:37'),(91,'m','1975-11-12','Lake Alexandria','1073762',91,'2009-04-12 03:54:38','2020-04-06 21:39:37'),(92,'f','1976-05-11','West Bridgetteshire','6992',92,'1991-08-28 05:13:39','2020-04-06 21:39:37'),(93,'m','2002-06-07','Port Lesleyton','8558',93,'2005-02-10 08:43:06','2020-04-06 21:39:37'),(94,'m','1992-07-11','Lake Sabina','528',94,'1997-05-02 17:52:58','2020-04-06 21:39:37'),(95,'f','2018-07-20','New Ianberg','48391647',95,'2005-12-12 06:03:18','2020-04-06 21:39:37'),(96,'m','1995-01-18','Dandremouth','1858',96,'2005-12-15 23:21:50','2020-04-06 21:39:37'),(97,'m','2018-10-02','Maciemouth','91',97,'1983-08-17 01:18:27','2020-04-06 21:39:37'),(98,'f','1988-04-01','Dominiqueberg','951',98,'1971-06-02 13:31:19','2020-04-06 21:39:37'),(99,'m','1979-06-06','Borerfurt','24063',99,'1971-01-10 14:55:06','2020-04-06 21:39:37'),(100,'f','1973-11-21','Sengerton','803356',100,'1995-08-25 17:07:13','2020-04-06 21:39:37');
/*!40000 ALTER TABLE `profiles` ENABLE KEYS */;
UNLOCK TABLES;

--
-- Table structure for table `users`
--

DROP TABLE IF EXISTS `users`;
/*!40101 SET @saved_cs_client     = @@character_set_client */;
/*!50503 SET character_set_client = utf8mb4 */;
CREATE TABLE `users` (
  `id` int unsigned NOT NULL AUTO_INCREMENT,
  `first_name` varchar(100) CHARACTER SET utf8 COLLATE utf8_unicode_ci NOT NULL,
  `last_name` varchar(100) CHARACTER SET utf8 COLLATE utf8_unicode_ci NOT NULL,
  `email` varchar(120) CHARACTER SET utf8 COLLATE utf8_unicode_ci NOT NULL,
  `phone` varchar(13) COLLATE utf8_unicode_ci NOT NULL,
  `created_at` datetime DEFAULT CURRENT_TIMESTAMP,
  `updated_at` datetime DEFAULT CURRENT_TIMESTAMP ON UPDATE CURRENT_TIMESTAMP,
  PRIMARY KEY (`id`),
  UNIQUE KEY `email` (`email`),
  UNIQUE KEY `phone` (`phone`),
  UNIQUE KEY `phone_2` (`phone`)
) ENGINE=InnoDB AUTO_INCREMENT=101 DEFAULT CHARSET=utf8 COLLATE=utf8_unicode_ci;
/*!40101 SET character_set_client = @saved_cs_client */;

--
-- Dumping data for table `users`
--

LOCK TABLES `users` WRITE;
/*!40000 ALTER TABLE `users` DISABLE KEYS */;
INSERT INTO `users` VALUES (1,'Marilyne','Leffler','presley.bergnaum@example.org','(043)257-3533','1979-08-29 06:46:56','2020-04-06 21:13:42'),(2,'Anjali','Senger','taylor.gerhold@example.org','0199365401904','2008-08-06 19:05:25','2020-04-06 21:13:42'),(3,'Teresa','Lockman','muller.jodie@example.com','(451)596-9125','2019-07-27 18:35:12','2020-04-06 21:13:42'),(4,'Cristopher','Johnston','irwin.bailey@example.net','(140)851-0513','2008-09-16 12:43:57','2020-04-06 21:13:42'),(5,'Moises','Huel','brigitte.hilll@example.com','656-689-56290','1996-07-27 19:21:43','2020-04-06 21:13:42'),(6,'Sadie','Upton','leatha.hansen@example.net','165-195-15710','1972-10-29 03:03:51','2020-04-06 21:13:42'),(7,'Turner','Smitham','bayer.pedro@example.net','0184806027781','1983-02-24 07:26:15','2020-04-06 21:13:42'),(8,'Hettie','Cole','tschmeler@example.org','727-073-52779','2008-04-11 11:12:59','2020-04-06 21:13:42'),(9,'Marcella','Reynolds','hlittle@example.org','1-940-109-555','2013-08-25 01:58:40','2020-04-06 21:13:42'),(10,'Augustine','Reinger','kadin.zieme@example.org','0753672853335','1998-04-20 00:57:38','2020-04-06 21:13:42'),(11,'Seamus','McClure','keyon.bashirian@example.org','(661)915-2812','1996-02-11 21:23:10','2020-04-06 21:13:42'),(12,'Jaron','Schiller','daniel.noemi@example.org','793.673.31256','1991-04-06 22:38:17','2020-04-06 21:13:42'),(13,'Barney','Schamberger','renner.angeline@example.org','434.977.59544','2013-09-19 18:52:09','2020-04-06 21:13:42'),(14,'Griffin','Berge','anais55@example.net','153-414-51953','1999-06-26 13:16:21','2020-04-06 21:13:42'),(15,'Gisselle','King','bernier.david@example.com','536-209-18335','1996-07-24 10:40:36','2020-04-06 21:13:42'),(16,'Quentin','Rohan','bartoletti.melyna@example.net','(974)264-7516','1982-05-13 19:39:53','2020-04-06 21:13:42'),(17,'Kris','Beer','ycummerata@example.org','+26(2)9033576','1995-12-20 16:34:23','2020-04-06 21:13:42'),(18,'Dane','Considine','esperanza47@example.org','0760861739333','1981-11-02 01:04:47','2020-04-06 21:13:42'),(19,'Keira','Weber','bethany.schneider@example.org','(860)854-5738','1977-12-03 16:00:17','2020-04-06 21:13:42'),(20,'Savion','Prosacco','jazmyn15@example.net','950.279.94794','1979-12-23 12:35:45','2020-04-06 21:13:42'),(21,'Imani','Watsica','obaumbach@example.net','243.007.44758','2005-10-22 13:48:19','2020-04-06 21:13:42'),(22,'Renee','Armstrong','fprohaska@example.com','366.004.54410','2010-02-24 10:12:43','2020-04-06 21:13:42'),(23,'Adan','Durgan','muller.denis@example.net','(443)592-1573','1996-07-15 00:22:15','2020-04-06 21:13:42'),(24,'Mazie','Dach','bstrosin@example.org','558.691.26639','1987-11-30 08:18:17','2020-04-06 21:13:42'),(25,'Twila','Heathcote','henderson33@example.net','(257)998-2475','2009-04-12 01:51:28','2020-04-06 21:13:42'),(26,'Dedric','Lang','green.alexanne@example.org','916.268.97361','2017-01-11 21:31:55','2020-04-06 21:13:42'),(27,'Lelia','Conn','fdouglas@example.org','1-947-638281','1971-04-23 03:10:58','2020-04-06 21:13:42'),(28,'Niko','Watsica','vbosco@example.net','308-625-82222','1997-10-12 12:57:06','2020-04-06 21:13:42'),(29,'Eula','Kessler','kris.annamae@example.net','294-632-38168','1978-11-02 16:47:26','2020-04-06 21:13:42'),(30,'Keira','Stracke','gardner71@example.org','457-893-74972','2012-10-18 19:43:00','2020-04-06 21:13:42'),(31,'Shayna','Daugherty','abbott.angus@example.org','816.618.69662','2010-09-13 21:31:56','2020-04-06 21:13:42'),(32,'Orpha','Reinger','alyson82@example.net','1-370-005-294','1980-01-08 04:09:39','2020-04-06 21:13:42'),(33,'Kelley','Blick','edwin46@example.com','200-593-03282','2001-07-09 18:35:33','2020-04-06 21:13:42'),(34,'Waino','Wilkinson','zachery55@example.org','(431)454-2428','2008-08-25 11:10:17','2020-04-06 21:13:42'),(35,'Ward','Erdman','kathlyn44@example.org','1-995-689-295','1978-10-28 14:36:39','2020-04-06 21:13:42'),(36,'Kane','Sanford','buckridge.fernando@example.org','1-169-957-993','2008-12-22 11:54:35','2020-04-06 21:13:42'),(37,'Cordell','Bosco','kristian62@example.net','038-965-46383','1987-08-01 01:12:34','2020-04-06 21:13:42'),(38,'Ernesto','Simonis','raina58@example.net','(088)043-6635','1983-10-11 11:21:05','2020-04-06 21:13:42'),(39,'Vergie','Effertz','marley84@example.org','991.386.18129','2015-05-20 03:47:40','2020-04-06 21:13:42'),(40,'Javonte','Bode','mante.jerome@example.net','(412)505-8438','1994-05-11 17:39:18','2020-04-06 21:13:42'),(41,'Salvador','Corkery','zankunding@example.org','0589572495806','1993-07-15 11:41:47','2020-04-06 21:13:42'),(42,'Effie','Lind','elena.corkery@example.com','353-624-81816','1991-06-23 14:58:47','2020-04-06 21:13:42'),(43,'Burdette','Davis','pfannerstill.danika@example.net','(587)966-3665','1993-02-20 00:35:19','2020-04-06 21:13:42'),(44,'Eldon','Haag','hettinger.amie@example.com','330.854.49776','2005-02-21 22:10:09','2020-04-06 21:13:42'),(45,'Chase','Nicolas','ethelyn21@example.org','+29(0)0139888','1970-09-02 07:23:26','2020-04-06 21:13:42'),(46,'Tessie','Greenholt','cora54@example.com','0617546324213','1994-04-12 23:19:21','2020-04-06 21:13:42'),(47,'Gust','Wyman','dbruen@example.org','(881)896-7100','1970-05-23 04:34:33','2020-04-06 21:13:42'),(48,'Reynold','Swaniawski','qberge@example.org','1-134-609-663','2018-01-08 05:54:09','2020-04-06 21:13:42'),(49,'Araceli','Spencer','trowe@example.com','(078)840-5216','2009-03-02 00:02:54','2020-04-06 21:13:42'),(50,'Lukas','Mraz','santiago23@example.com','166-754-60788','1983-02-26 20:58:21','2020-04-06 21:13:42'),(51,'Jasen','Swaniawski','littel.katarina@example.org','(000)176-7499','1998-09-15 07:07:32','2020-04-06 21:13:42'),(52,'Jacky','Fritsch','abbigail20@example.net','788.904.41929','1985-06-14 02:28:44','2020-04-06 21:13:42'),(53,'Brock','Marquardt','jacobs.coralie@example.org','+82(3)6652351','1997-11-21 12:23:25','2020-04-06 21:13:42'),(54,'Wendy','Bednar','spencer.paige@example.org','961.642.59669','1990-03-26 06:39:35','2020-04-06 21:13:42'),(55,'Randal','Corwin','nader.jayden@example.com','0914005598392','2016-05-20 07:11:17','2020-04-06 21:13:42'),(56,'Geovany','Swift','fbarrows@example.org','828-468-56755','2005-06-07 12:11:51','2020-04-06 21:13:42'),(57,'Mack','Ryan','dora95@example.net','53499699','1974-04-13 01:42:24','2020-04-06 21:13:42'),(58,'Celine','Maggio','fmclaughlin@example.com','+45(5)1252232','1996-02-14 08:54:04','2020-04-06 21:13:42'),(59,'Alejandrin','Bednar','pearlie.bashirian@example.org','(217)715-4761','2001-05-10 17:08:39','2020-04-06 21:13:42'),(60,'Mireille','Koelpin','predovic.abe@example.org','(203)147-1315','1991-11-27 17:24:10','2020-04-06 21:13:42'),(61,'Keely','Hilll','lupe89@example.net','803-223-11989','1983-04-26 00:48:39','2020-04-06 21:13:42'),(62,'Gordon','Hamill','rosa74@example.net','(657)275-1306','2005-10-19 23:51:19','2020-04-06 21:13:42'),(63,'Ayden','Bogan','cschulist@example.org','059-966-07260','1980-06-16 07:04:45','2020-04-06 21:13:42'),(64,'Astrid','O\'Keefe','flossie89@example.com','(522)731-7281','1981-11-26 15:22:58','2020-04-06 21:13:42'),(65,'Clovis','Heaney','rozella.mayert@example.com','006-232-04526','2016-02-15 08:15:29','2020-04-06 21:13:42'),(66,'Meda','Anderson','jarrod50@example.com','167-612-96790','2007-02-03 02:41:12','2020-04-06 21:13:42'),(67,'Elsa','Trantow','madison.collier@example.com','+52(2)2279476','2003-09-07 11:59:16','2020-04-06 21:13:42'),(68,'Deja','Waelchi','toby.monahan@example.org','715-767-64807','1985-08-02 00:06:15','2020-04-06 21:13:42'),(69,'Ivory','Klocko','wolff.keira@example.com','827-976-41711','1980-07-06 15:38:08','2020-04-06 21:13:42'),(70,'Genesis','Boyle','judge.wisozk@example.com','1-758-837-133','2016-07-30 14:40:24','2020-04-06 21:13:42'),(71,'Vergie','Brekke','akuhlman@example.com','0949547012231','1971-07-07 15:50:25','2020-04-06 21:13:42'),(72,'Remington','Cronin','stacey.dach@example.com','1-331-766-658','1999-02-24 23:03:40','2020-04-06 21:13:42'),(73,'Geo','Orn','dibbert.vivienne@example.com','902.651.73700','2006-09-04 20:22:38','2020-04-06 21:13:42'),(74,'Chandler','Lind','zsanford@example.org','0566614309527','2007-12-01 04:25:56','2020-04-06 21:13:42'),(75,'Lorna','Feil','osinski.alexandrea@example.com','1-081-906-436','1970-08-07 18:51:17','2020-04-06 21:13:42'),(76,'Lindsey','Ankunding','lemke.cordia@example.org','1-888-103-499','1978-10-19 19:25:07','2020-04-06 21:13:42'),(77,'Tiffany','VonRueden','buford65@example.net','164.922.2188','2015-09-19 11:57:27','2020-04-06 21:13:42'),(78,'Trinity','Trantow','summer.jaskolski@example.org','477.773.243','2017-10-30 23:35:55','2020-04-06 21:13:42'),(79,'Zoila','Rolfson','quinten.kulas@example.net','(424)224-553','2014-07-29 09:33:08','2020-04-06 21:13:42'),(80,'Ethan','Tillman','tyrese45@example.net','471.006.26136','1975-03-19 01:31:27','2020-04-06 21:13:42'),(81,'Kelsie','Schneider','thea.gleichner@example.net','+86(5)3847722','1978-12-28 19:24:59','2020-04-06 21:13:42'),(82,'Angus','Prohaska','batz.hertha@example.org','528.987.29404','2002-03-06 17:16:06','2020-04-06 21:13:42'),(83,'Donato','Schmidt','senger.georgiana@example.org','173.197.27652','2000-06-07 03:54:33','2020-04-06 21:13:42'),(84,'Carolanne','Huels','mkuhic@example.com','0695718050150','2000-09-15 16:40:38','2020-04-06 21:13:42'),(85,'Myrtie','Ebert','kertzmann.carroll@example.com','(864)044-0495','2008-10-07 20:54:18','2020-04-06 21:13:42'),(86,'Adelia','Kunze','fleta.douglas@example.com','083.513.88126','2004-11-29 07:30:07','2020-04-06 21:13:42'),(87,'Angelina','Pagac','tschuppe@example.com','1-292-931-843','1981-11-02 10:21:44','2020-04-06 21:13:42'),(88,'Karianne','Volkman','estrosin@example.org','0031480424144','1989-03-03 09:53:36','2020-04-06 21:13:42'),(89,'Wilburn','Volkman','wunsch.santa@example.net','(742)066-8786','1993-06-19 05:15:56','2020-04-06 21:13:42'),(90,'Ryan','Kirlin','htromp@example.org','1-849-327-702','2006-12-20 07:38:36','2020-04-06 21:13:42'),(91,'Alexandra','Schuppe','feeney.kamren@example.org','432.229.98152','1999-07-22 15:37:28','2020-04-06 21:13:42'),(92,'Donna','Swaniawski','lamar.dicki@example.org','1-265-682-354','1980-11-29 19:49:39','2020-04-06 21:13:42'),(93,'Blanche','Johnston','carolyne.bayer@example.net','0870419330317','1989-01-31 18:26:22','2020-04-06 21:13:42'),(94,'Deja','Larson','pansy.kovacek@example.org','+64(3)7081421','1998-08-30 08:22:47','2020-04-06 21:13:42'),(95,'Talia','Schmidt','pablo.simonis@example.com','529.675.25157','2018-07-24 03:59:42','2020-04-06 21:13:42'),(96,'Karianne','Turcotte','matt36@example.org','(359)317-8320','2017-10-30 16:59:38','2020-04-06 21:13:42'),(97,'Esmeralda','Smitham','cfriesen@example.net','220.933.89129','1981-10-23 05:15:54','2020-04-06 21:13:42'),(98,'Kane','Skiles','marta57@example.org','+31(1)2026488','2001-02-14 18:24:20','2020-04-06 21:13:42'),(99,'Kathryn','Leannon','rosetta14@example.net','+30(9)6026152','1985-05-03 03:35:43','2020-04-06 21:13:42'),(100,'Rosanna','Cronin','ernser.jo@example.net','0533535196997','1987-04-27 16:39:30','2020-04-06 21:13:42');
/*!40000 ALTER TABLE `users` ENABLE KEYS */;
UNLOCK TABLES;

--
-- Dumping routines for database 'vk'
--
/*!40103 SET TIME_ZONE=@OLD_TIME_ZONE */;

/*!40101 SET SQL_MODE=@OLD_SQL_MODE */;
/*!40014 SET FOREIGN_KEY_CHECKS=@OLD_FOREIGN_KEY_CHECKS */;
/*!40014 SET UNIQUE_CHECKS=@OLD_UNIQUE_CHECKS */;
/*!40101 SET CHARACTER_SET_CLIENT=@OLD_CHARACTER_SET_CLIENT */;
/*!40101 SET CHARACTER_SET_RESULTS=@OLD_CHARACTER_SET_RESULTS */;
/*!40101 SET COLLATION_CONNECTION=@OLD_COLLATION_CONNECTION */;
/*!40111 SET SQL_NOTES=@OLD_SQL_NOTES */;

-- Dump completed on 2020-04-06 22:26:34
