#
# TABLE STRUCTURE FOR: communities
#

DROP TABLE IF EXISTS `communities`;

CREATE TABLE `communities` (
  `id` int(10) unsigned NOT NULL AUTO_INCREMENT,
  `name` varchar(150) COLLATE utf8_unicode_ci NOT NULL,
  PRIMARY KEY (`id`),
  UNIQUE KEY `name` (`name`)
) ENGINE=InnoDB AUTO_INCREMENT=101 DEFAULT CHARSET=utf8 COLLATE=utf8_unicode_ci;

INSERT INTO `communities` (`id`, `name`) VALUES (91, 'Adipisci quasi at dolores dolore velit ea.');
INSERT INTO `communities` (`id`, `name`) VALUES (7, 'Aliquid voluptatem qui deleniti sint iure ipsam ullam.');
INSERT INTO `communities` (`id`, `name`) VALUES (96, 'Animi et minus velit aliquam sequi at aut.');
INSERT INTO `communities` (`id`, `name`) VALUES (43, 'Aperiam aliquid omnis nam quia.');
INSERT INTO `communities` (`id`, `name`) VALUES (24, 'Architecto ea et id error voluptatum mollitia.');
INSERT INTO `communities` (`id`, `name`) VALUES (86, 'Aspernatur aperiam expedita odit quo adipisci nemo.');
INSERT INTO `communities` (`id`, `name`) VALUES (56, 'At porro sint voluptas sapiente nam minima.');
INSERT INTO `communities` (`id`, `name`) VALUES (59, 'Aut accusamus officiis vero enim enim.');
INSERT INTO `communities` (`id`, `name`) VALUES (38, 'Autem est impedit quod ut reiciendis sunt.');
INSERT INTO `communities` (`id`, `name`) VALUES (70, 'Blanditiis non quia mollitia error sit rerum maxime.');
INSERT INTO `communities` (`id`, `name`) VALUES (72, 'Consectetur est nam culpa tempore.');
INSERT INTO `communities` (`id`, `name`) VALUES (84, 'Consequatur sint distinctio debitis et.');
INSERT INTO `communities` (`id`, `name`) VALUES (4, 'Consequuntur dolores ut perspiciatis et enim est repellat quasi.');
INSERT INTO `communities` (`id`, `name`) VALUES (32, 'Corporis consequatur nam tenetur facere.');
INSERT INTO `communities` (`id`, `name`) VALUES (44, 'Culpa quasi quam et eum.');
INSERT INTO `communities` (`id`, `name`) VALUES (64, 'Cum beatae consequatur est.');
INSERT INTO `communities` (`id`, `name`) VALUES (93, 'Cupiditate id corporis est est vel odit dolorem dolorem.');
INSERT INTO `communities` (`id`, `name`) VALUES (66, 'Debitis ex perspiciatis vero animi consequatur.');
INSERT INTO `communities` (`id`, `name`) VALUES (23, 'Delectus minima ad repudiandae quod quos sed totam.');
INSERT INTO `communities` (`id`, `name`) VALUES (85, 'Dolor iure ut sit.');
INSERT INTO `communities` (`id`, `name`) VALUES (67, 'Dolor laborum ut aliquid.');
INSERT INTO `communities` (`id`, `name`) VALUES (9, 'Dolor sed asperiores ut debitis qui vitae.');
INSERT INTO `communities` (`id`, `name`) VALUES (39, 'Dolorum amet eos et dolor.');
INSERT INTO `communities` (`id`, `name`) VALUES (8, 'Dolorum qui enim voluptas maiores ut quam suscipit.');
INSERT INTO `communities` (`id`, `name`) VALUES (34, 'Eaque error deserunt laboriosam facere.');
INSERT INTO `communities` (`id`, `name`) VALUES (79, 'Error nisi ab et odio.');
INSERT INTO `communities` (`id`, `name`) VALUES (41, 'Esse totam optio voluptatem quae.');
INSERT INTO `communities` (`id`, `name`) VALUES (28, 'Est placeat nam numquam rerum sint iste.');
INSERT INTO `communities` (`id`, `name`) VALUES (88, 'Et maiores aperiam tempore ipsam eum aperiam.');
INSERT INTO `communities` (`id`, `name`) VALUES (42, 'Et officiis consequuntur est eveniet atque in doloremque.');
INSERT INTO `communities` (`id`, `name`) VALUES (49, 'Et qui ut nobis est numquam.');
INSERT INTO `communities` (`id`, `name`) VALUES (82, 'Eum ipsam assumenda quos qui.');
INSERT INTO `communities` (`id`, `name`) VALUES (77, 'Expedita et voluptas dolore distinctio amet.');
INSERT INTO `communities` (`id`, `name`) VALUES (90, 'Expedita recusandae quisquam porro quidem est dignissimos id.');
INSERT INTO `communities` (`id`, `name`) VALUES (46, 'Explicabo odio inventore accusamus maiores.');
INSERT INTO `communities` (`id`, `name`) VALUES (6, 'Facere dolor eveniet non eum dignissimos itaque nihil quas.');
INSERT INTO `communities` (`id`, `name`) VALUES (68, 'Id eos eos voluptate exercitationem.');
INSERT INTO `communities` (`id`, `name`) VALUES (36, 'Id necessitatibus qui quia nam.');
INSERT INTO `communities` (`id`, `name`) VALUES (14, 'Id perspiciatis quos ipsam eum.');
INSERT INTO `communities` (`id`, `name`) VALUES (33, 'Id rerum voluptates accusamus facere ex quam aut.');
INSERT INTO `communities` (`id`, `name`) VALUES (30, 'Impedit et corrupti ipsam autem ipsam facere fuga.');
INSERT INTO `communities` (`id`, `name`) VALUES (19, 'In voluptatem voluptatem iure facere.');
INSERT INTO `communities` (`id`, `name`) VALUES (78, 'Inventore provident cum sapiente sapiente.');
INSERT INTO `communities` (`id`, `name`) VALUES (16, 'Ipsa ut quia beatae quo.');
INSERT INTO `communities` (`id`, `name`) VALUES (65, 'Ipsum et qui aperiam tempore exercitationem autem enim mollitia.');
INSERT INTO `communities` (`id`, `name`) VALUES (50, 'Ipsum voluptate vel qui quia optio quod dolorem.');
INSERT INTO `communities` (`id`, `name`) VALUES (29, 'Itaque debitis molestiae itaque qui sed quidem accusantium.');
INSERT INTO `communities` (`id`, `name`) VALUES (61, 'Laudantium accusantium voluptatem laborum id.');
INSERT INTO `communities` (`id`, `name`) VALUES (31, 'Magnam libero magnam dolorum explicabo laudantium doloribus.');
INSERT INTO `communities` (`id`, `name`) VALUES (40, 'Modi et quo necessitatibus aut quae error occaecati.');
INSERT INTO `communities` (`id`, `name`) VALUES (1, 'Molestiae ea repellat doloremque officiis.');
INSERT INTO `communities` (`id`, `name`) VALUES (20, 'Molestiae ut consectetur eligendi.');
INSERT INTO `communities` (`id`, `name`) VALUES (12, 'Molestias fugit dolores similique totam.');
INSERT INTO `communities` (`id`, `name`) VALUES (98, 'Mollitia ipsum quae consequuntur autem excepturi.');
INSERT INTO `communities` (`id`, `name`) VALUES (92, 'Nam minima qui quasi et assumenda inventore molestiae illo.');
INSERT INTO `communities` (`id`, `name`) VALUES (76, 'Nihil culpa neque error ipsa.');
INSERT INTO `communities` (`id`, `name`) VALUES (45, 'Nisi eum quod voluptatibus temporibus.');
INSERT INTO `communities` (`id`, `name`) VALUES (94, 'Nobis mollitia laudantium possimus qui.');
INSERT INTO `communities` (`id`, `name`) VALUES (18, 'Non numquam eligendi veniam delectus laborum.');
INSERT INTO `communities` (`id`, `name`) VALUES (37, 'Occaecati excepturi omnis consequatur ut odit delectus.');
INSERT INTO `communities` (`id`, `name`) VALUES (15, 'Officiis et pariatur in voluptate rem sequi dolor.');
INSERT INTO `communities` (`id`, `name`) VALUES (48, 'Omnis eius mollitia sunt consectetur.');
INSERT INTO `communities` (`id`, `name`) VALUES (5, 'Omnis et ea unde facere sint asperiores.');
INSERT INTO `communities` (`id`, `name`) VALUES (81, 'Perspiciatis recusandae exercitationem facere veniam explicabo voluptatem.');
INSERT INTO `communities` (`id`, `name`) VALUES (11, 'Placeat illo repellat officiis eius ipsam.');
INSERT INTO `communities` (`id`, `name`) VALUES (87, 'Placeat saepe neque sed nesciunt rem omnis.');
INSERT INTO `communities` (`id`, `name`) VALUES (69, 'Quaerat et facere quam et eaque aut inventore sed.');
INSERT INTO `communities` (`id`, `name`) VALUES (55, 'Quasi mollitia rerum earum doloribus repellendus quaerat.');
INSERT INTO `communities` (`id`, `name`) VALUES (3, 'Quia eius qui qui rerum.');
INSERT INTO `communities` (`id`, `name`) VALUES (22, 'Quis excepturi nulla soluta laudantium aut sint harum est.');
INSERT INTO `communities` (`id`, `name`) VALUES (35, 'Quis in itaque nihil laudantium ut.');
INSERT INTO `communities` (`id`, `name`) VALUES (95, 'Quo est odio doloribus fuga illo blanditiis.');
INSERT INTO `communities` (`id`, `name`) VALUES (25, 'Quo quo rerum consectetur voluptatum officia eaque sequi.');
INSERT INTO `communities` (`id`, `name`) VALUES (89, 'Quod ut voluptatem laudantium aut.');
INSERT INTO `communities` (`id`, `name`) VALUES (62, 'Quos quas cumque aut nemo molestiae.');
INSERT INTO `communities` (`id`, `name`) VALUES (71, 'Recusandae esse voluptas quae qui sunt.');
INSERT INTO `communities` (`id`, `name`) VALUES (17, 'Reiciendis praesentium odio cum illum consectetur at error.');
INSERT INTO `communities` (`id`, `name`) VALUES (80, 'Reprehenderit esse repellat voluptas architecto veritatis vero voluptates.');
INSERT INTO `communities` (`id`, `name`) VALUES (63, 'Reprehenderit sit ut qui similique.');
INSERT INTO `communities` (`id`, `name`) VALUES (57, 'Rerum dicta error cum necessitatibus.');
INSERT INTO `communities` (`id`, `name`) VALUES (74, 'Rerum ut eum corporis nam quam enim ut.');
INSERT INTO `communities` (`id`, `name`) VALUES (2, 'Sed molestias consequatur optio ipsa culpa sunt.');
INSERT INTO `communities` (`id`, `name`) VALUES (73, 'Sit enim ut veritatis illum consectetur.');
INSERT INTO `communities` (`id`, `name`) VALUES (60, 'Sit et in facere.');
INSERT INTO `communities` (`id`, `name`) VALUES (21, 'Sit expedita iste voluptatum pariatur totam dolor cupiditate.');
INSERT INTO `communities` (`id`, `name`) VALUES (13, 'Sit facilis qui et voluptatem.');
INSERT INTO `communities` (`id`, `name`) VALUES (53, 'Suscipit eius laborum laudantium impedit modi fugit.');
INSERT INTO `communities` (`id`, `name`) VALUES (10, 'Temporibus quod velit et vero magnam occaecati error.');
INSERT INTO `communities` (`id`, `name`) VALUES (100, 'Unde debitis similique odit nobis animi quam.');
INSERT INTO `communities` (`id`, `name`) VALUES (54, 'Unde ut est modi.');
INSERT INTO `communities` (`id`, `name`) VALUES (26, 'Vel ab qui quae.');
INSERT INTO `communities` (`id`, `name`) VALUES (52, 'Velit distinctio voluptate ex et culpa est.');
INSERT INTO `communities` (`id`, `name`) VALUES (47, 'Velit magnam ullam vel.');
INSERT INTO `communities` (`id`, `name`) VALUES (83, 'Velit sint voluptatem suscipit sunt.');
INSERT INTO `communities` (`id`, `name`) VALUES (99, 'Velit vel qui in quia minus eum.');
INSERT INTO `communities` (`id`, `name`) VALUES (51, 'Veniam dolor eaque qui sit sit vel occaecati.');
INSERT INTO `communities` (`id`, `name`) VALUES (27, 'Veniam quasi rerum et quas.');
INSERT INTO `communities` (`id`, `name`) VALUES (75, 'Veritatis rerum exercitationem distinctio ipsa repellat.');
INSERT INTO `communities` (`id`, `name`) VALUES (58, 'Vitae dolorem consectetur consequatur in corrupti accusantium.');
INSERT INTO `communities` (`id`, `name`) VALUES (97, 'Voluptatem nam consequuntur eos repellat.');


#
# TABLE STRUCTURE FOR: communities_users
#

DROP TABLE IF EXISTS `communities_users`;

CREATE TABLE `communities_users` (
  `community_id` int(10) unsigned NOT NULL,
  `user_id` int(10) unsigned NOT NULL,
  PRIMARY KEY (`community_id`,`user_id`)
) ENGINE=InnoDB DEFAULT CHARSET=utf8 COLLATE=utf8_unicode_ci;

INSERT INTO `communities_users` (`community_id`, `user_id`) VALUES (4, 9);
INSERT INTO `communities_users` (`community_id`, `user_id`) VALUES (4, 36);
INSERT INTO `communities_users` (`community_id`, `user_id`) VALUES (4, 45);
INSERT INTO `communities_users` (`community_id`, `user_id`) VALUES (4, 74);
INSERT INTO `communities_users` (`community_id`, `user_id`) VALUES (5, 15);
INSERT INTO `communities_users` (`community_id`, `user_id`) VALUES (6, 64);
INSERT INTO `communities_users` (`community_id`, `user_id`) VALUES (7, 24);
INSERT INTO `communities_users` (`community_id`, `user_id`) VALUES (7, 54);
INSERT INTO `communities_users` (`community_id`, `user_id`) VALUES (7, 63);
INSERT INTO `communities_users` (`community_id`, `user_id`) VALUES (8, 73);
INSERT INTO `communities_users` (`community_id`, `user_id`) VALUES (8, 94);
INSERT INTO `communities_users` (`community_id`, `user_id`) VALUES (10, 39);
INSERT INTO `communities_users` (`community_id`, `user_id`) VALUES (13, 59);
INSERT INTO `communities_users` (`community_id`, `user_id`) VALUES (13, 84);
INSERT INTO `communities_users` (`community_id`, `user_id`) VALUES (15, 80);
INSERT INTO `communities_users` (`community_id`, `user_id`) VALUES (16, 67);
INSERT INTO `communities_users` (`community_id`, `user_id`) VALUES (17, 50);
INSERT INTO `communities_users` (`community_id`, `user_id`) VALUES (17, 57);
INSERT INTO `communities_users` (`community_id`, `user_id`) VALUES (17, 81);
INSERT INTO `communities_users` (`community_id`, `user_id`) VALUES (18, 3);
INSERT INTO `communities_users` (`community_id`, `user_id`) VALUES (18, 7);
INSERT INTO `communities_users` (`community_id`, `user_id`) VALUES (19, 32);
INSERT INTO `communities_users` (`community_id`, `user_id`) VALUES (20, 15);
INSERT INTO `communities_users` (`community_id`, `user_id`) VALUES (20, 84);
INSERT INTO `communities_users` (`community_id`, `user_id`) VALUES (21, 48);
INSERT INTO `communities_users` (`community_id`, `user_id`) VALUES (22, 2);
INSERT INTO `communities_users` (`community_id`, `user_id`) VALUES (22, 20);
INSERT INTO `communities_users` (`community_id`, `user_id`) VALUES (22, 40);
INSERT INTO `communities_users` (`community_id`, `user_id`) VALUES (24, 30);
INSERT INTO `communities_users` (`community_id`, `user_id`) VALUES (24, 58);
INSERT INTO `communities_users` (`community_id`, `user_id`) VALUES (25, 4);
INSERT INTO `communities_users` (`community_id`, `user_id`) VALUES (25, 63);
INSERT INTO `communities_users` (`community_id`, `user_id`) VALUES (25, 78);
INSERT INTO `communities_users` (`community_id`, `user_id`) VALUES (25, 97);
INSERT INTO `communities_users` (`community_id`, `user_id`) VALUES (28, 80);
INSERT INTO `communities_users` (`community_id`, `user_id`) VALUES (29, 7);
INSERT INTO `communities_users` (`community_id`, `user_id`) VALUES (29, 29);
INSERT INTO `communities_users` (`community_id`, `user_id`) VALUES (29, 73);
INSERT INTO `communities_users` (`community_id`, `user_id`) VALUES (29, 80);
INSERT INTO `communities_users` (`community_id`, `user_id`) VALUES (30, 98);
INSERT INTO `communities_users` (`community_id`, `user_id`) VALUES (31, 33);
INSERT INTO `communities_users` (`community_id`, `user_id`) VALUES (34, 18);
INSERT INTO `communities_users` (`community_id`, `user_id`) VALUES (35, 83);
INSERT INTO `communities_users` (`community_id`, `user_id`) VALUES (36, 4);
INSERT INTO `communities_users` (`community_id`, `user_id`) VALUES (37, 31);
INSERT INTO `communities_users` (`community_id`, `user_id`) VALUES (42, 59);
INSERT INTO `communities_users` (`community_id`, `user_id`) VALUES (42, 91);
INSERT INTO `communities_users` (`community_id`, `user_id`) VALUES (43, 1);
INSERT INTO `communities_users` (`community_id`, `user_id`) VALUES (43, 12);
INSERT INTO `communities_users` (`community_id`, `user_id`) VALUES (43, 99);
INSERT INTO `communities_users` (`community_id`, `user_id`) VALUES (44, 14);
INSERT INTO `communities_users` (`community_id`, `user_id`) VALUES (45, 22);
INSERT INTO `communities_users` (`community_id`, `user_id`) VALUES (46, 66);
INSERT INTO `communities_users` (`community_id`, `user_id`) VALUES (48, 38);
INSERT INTO `communities_users` (`community_id`, `user_id`) VALUES (51, 56);
INSERT INTO `communities_users` (`community_id`, `user_id`) VALUES (52, 62);
INSERT INTO `communities_users` (`community_id`, `user_id`) VALUES (52, 81);
INSERT INTO `communities_users` (`community_id`, `user_id`) VALUES (52, 92);
INSERT INTO `communities_users` (`community_id`, `user_id`) VALUES (53, 44);
INSERT INTO `communities_users` (`community_id`, `user_id`) VALUES (54, 63);
INSERT INTO `communities_users` (`community_id`, `user_id`) VALUES (54, 81);
INSERT INTO `communities_users` (`community_id`, `user_id`) VALUES (55, 53);
INSERT INTO `communities_users` (`community_id`, `user_id`) VALUES (59, 82);
INSERT INTO `communities_users` (`community_id`, `user_id`) VALUES (60, 51);
INSERT INTO `communities_users` (`community_id`, `user_id`) VALUES (61, 96);
INSERT INTO `communities_users` (`community_id`, `user_id`) VALUES (63, 6);
INSERT INTO `communities_users` (`community_id`, `user_id`) VALUES (64, 13);
INSERT INTO `communities_users` (`community_id`, `user_id`) VALUES (64, 16);
INSERT INTO `communities_users` (`community_id`, `user_id`) VALUES (67, 41);
INSERT INTO `communities_users` (`community_id`, `user_id`) VALUES (70, 36);
INSERT INTO `communities_users` (`community_id`, `user_id`) VALUES (72, 91);
INSERT INTO `communities_users` (`community_id`, `user_id`) VALUES (74, 50);
INSERT INTO `communities_users` (`community_id`, `user_id`) VALUES (76, 64);
INSERT INTO `communities_users` (`community_id`, `user_id`) VALUES (77, 89);
INSERT INTO `communities_users` (`community_id`, `user_id`) VALUES (79, 22);
INSERT INTO `communities_users` (`community_id`, `user_id`) VALUES (79, 81);
INSERT INTO `communities_users` (`community_id`, `user_id`) VALUES (79, 88);
INSERT INTO `communities_users` (`community_id`, `user_id`) VALUES (80, 67);
INSERT INTO `communities_users` (`community_id`, `user_id`) VALUES (82, 13);
INSERT INTO `communities_users` (`community_id`, `user_id`) VALUES (86, 36);
INSERT INTO `communities_users` (`community_id`, `user_id`) VALUES (86, 38);
INSERT INTO `communities_users` (`community_id`, `user_id`) VALUES (87, 36);
INSERT INTO `communities_users` (`community_id`, `user_id`) VALUES (87, 51);
INSERT INTO `communities_users` (`community_id`, `user_id`) VALUES (89, 42);
INSERT INTO `communities_users` (`community_id`, `user_id`) VALUES (89, 57);
INSERT INTO `communities_users` (`community_id`, `user_id`) VALUES (90, 43);
INSERT INTO `communities_users` (`community_id`, `user_id`) VALUES (91, 3);
INSERT INTO `communities_users` (`community_id`, `user_id`) VALUES (91, 27);
INSERT INTO `communities_users` (`community_id`, `user_id`) VALUES (91, 31);
INSERT INTO `communities_users` (`community_id`, `user_id`) VALUES (91, 63);
INSERT INTO `communities_users` (`community_id`, `user_id`) VALUES (92, 55);
INSERT INTO `communities_users` (`community_id`, `user_id`) VALUES (92, 68);
INSERT INTO `communities_users` (`community_id`, `user_id`) VALUES (93, 95);
INSERT INTO `communities_users` (`community_id`, `user_id`) VALUES (94, 25);
INSERT INTO `communities_users` (`community_id`, `user_id`) VALUES (95, 89);
INSERT INTO `communities_users` (`community_id`, `user_id`) VALUES (97, 11);
INSERT INTO `communities_users` (`community_id`, `user_id`) VALUES (97, 57);
INSERT INTO `communities_users` (`community_id`, `user_id`) VALUES (98, 17);
INSERT INTO `communities_users` (`community_id`, `user_id`) VALUES (98, 34);
INSERT INTO `communities_users` (`community_id`, `user_id`) VALUES (98, 57);


#
# TABLE STRUCTURE FOR: friendship
#

DROP TABLE IF EXISTS `friendship`;

CREATE TABLE `friendship` (
  `user_id` int(10) unsigned NOT NULL,
  `friend_id` int(10) unsigned NOT NULL,
  `status_id` int(10) unsigned NOT NULL,
  `requested_at` datetime DEFAULT current_timestamp(),
  `confirmed_at` datetime DEFAULT NULL,
  PRIMARY KEY (`user_id`,`friend_id`)
) ENGINE=InnoDB DEFAULT CHARSET=utf8 COLLATE=utf8_unicode_ci;

INSERT INTO `friendship` (`user_id`, `friend_id`, `status_id`, `requested_at`, `confirmed_at`) VALUES (4, 31, 7, '2004-12-24 20:52:55', '1996-11-03 13:12:04');
INSERT INTO `friendship` (`user_id`, `friend_id`, `status_id`, `requested_at`, `confirmed_at`) VALUES (5, 39, 5, '1994-08-13 19:33:19', '2008-03-21 08:48:15');
INSERT INTO `friendship` (`user_id`, `friend_id`, `status_id`, `requested_at`, `confirmed_at`) VALUES (5, 90, 2, '1991-02-21 11:00:55', '1973-11-21 07:20:46');
INSERT INTO `friendship` (`user_id`, `friend_id`, `status_id`, `requested_at`, `confirmed_at`) VALUES (6, 61, 5, '1975-09-30 05:18:34', '2000-06-02 18:03:03');
INSERT INTO `friendship` (`user_id`, `friend_id`, `status_id`, `requested_at`, `confirmed_at`) VALUES (6, 99, 7, '1996-12-31 14:39:56', '1990-03-15 01:24:23');
INSERT INTO `friendship` (`user_id`, `friend_id`, `status_id`, `requested_at`, `confirmed_at`) VALUES (7, 63, 3, '2012-08-26 23:02:43', '2002-05-17 08:37:44');
INSERT INTO `friendship` (`user_id`, `friend_id`, `status_id`, `requested_at`, `confirmed_at`) VALUES (8, 51, 6, '2000-02-13 21:57:50', '2016-03-10 12:21:29');
INSERT INTO `friendship` (`user_id`, `friend_id`, `status_id`, `requested_at`, `confirmed_at`) VALUES (9, 21, 1, '1985-09-19 05:59:03', '1978-03-28 01:44:22');
INSERT INTO `friendship` (`user_id`, `friend_id`, `status_id`, `requested_at`, `confirmed_at`) VALUES (10, 100, 4, '1970-08-21 13:08:50', '2001-03-14 19:23:34');
INSERT INTO `friendship` (`user_id`, `friend_id`, `status_id`, `requested_at`, `confirmed_at`) VALUES (11, 22, 1, '2011-12-12 19:41:25', '1971-11-07 07:20:46');
INSERT INTO `friendship` (`user_id`, `friend_id`, `status_id`, `requested_at`, `confirmed_at`) VALUES (11, 25, 5, '1989-11-12 06:02:57', '2016-09-12 15:26:17');
INSERT INTO `friendship` (`user_id`, `friend_id`, `status_id`, `requested_at`, `confirmed_at`) VALUES (11, 45, 3, '2000-12-29 07:27:09', '1985-06-06 17:20:30');
INSERT INTO `friendship` (`user_id`, `friend_id`, `status_id`, `requested_at`, `confirmed_at`) VALUES (11, 58, 2, '1982-07-26 20:58:21', '2016-04-26 18:50:33');
INSERT INTO `friendship` (`user_id`, `friend_id`, `status_id`, `requested_at`, `confirmed_at`) VALUES (11, 92, 3, '1974-09-28 19:19:26', '2015-04-29 04:44:20');
INSERT INTO `friendship` (`user_id`, `friend_id`, `status_id`, `requested_at`, `confirmed_at`) VALUES (15, 1, 1, '2004-12-20 11:19:14', '2003-11-05 08:37:50');
INSERT INTO `friendship` (`user_id`, `friend_id`, `status_id`, `requested_at`, `confirmed_at`) VALUES (16, 53, 5, '1982-11-25 18:23:49', '2001-02-12 20:33:39');
INSERT INTO `friendship` (`user_id`, `friend_id`, `status_id`, `requested_at`, `confirmed_at`) VALUES (19, 25, 1, '1971-12-20 22:14:50', '1972-02-21 23:56:13');
INSERT INTO `friendship` (`user_id`, `friend_id`, `status_id`, `requested_at`, `confirmed_at`) VALUES (21, 73, 2, '2008-08-09 06:09:13', '1994-12-01 03:49:41');
INSERT INTO `friendship` (`user_id`, `friend_id`, `status_id`, `requested_at`, `confirmed_at`) VALUES (22, 6, 3, '1987-06-21 07:56:53', '1978-12-20 04:02:16');
INSERT INTO `friendship` (`user_id`, `friend_id`, `status_id`, `requested_at`, `confirmed_at`) VALUES (22, 37, 6, '1985-07-13 10:55:33', '2015-10-21 21:10:41');
INSERT INTO `friendship` (`user_id`, `friend_id`, `status_id`, `requested_at`, `confirmed_at`) VALUES (22, 53, 7, '1998-08-11 17:35:28', '1981-06-08 22:55:58');
INSERT INTO `friendship` (`user_id`, `friend_id`, `status_id`, `requested_at`, `confirmed_at`) VALUES (23, 7, 4, '1981-01-10 10:18:50', '1971-03-02 15:48:22');
INSERT INTO `friendship` (`user_id`, `friend_id`, `status_id`, `requested_at`, `confirmed_at`) VALUES (24, 10, 7, '2016-03-25 04:20:37', '1981-05-16 17:29:58');
INSERT INTO `friendship` (`user_id`, `friend_id`, `status_id`, `requested_at`, `confirmed_at`) VALUES (26, 22, 1, '1992-02-01 14:46:56', '1979-02-10 07:36:42');
INSERT INTO `friendship` (`user_id`, `friend_id`, `status_id`, `requested_at`, `confirmed_at`) VALUES (29, 22, 2, '1990-12-30 20:43:45', '2012-08-10 00:58:13');
INSERT INTO `friendship` (`user_id`, `friend_id`, `status_id`, `requested_at`, `confirmed_at`) VALUES (29, 56, 4, '2014-10-01 22:34:50', '2006-04-26 23:03:36');
INSERT INTO `friendship` (`user_id`, `friend_id`, `status_id`, `requested_at`, `confirmed_at`) VALUES (30, 84, 6, '2008-10-31 22:47:19', '1979-09-05 21:07:30');
INSERT INTO `friendship` (`user_id`, `friend_id`, `status_id`, `requested_at`, `confirmed_at`) VALUES (32, 26, 6, '2019-05-24 18:00:13', '2010-04-24 17:13:30');
INSERT INTO `friendship` (`user_id`, `friend_id`, `status_id`, `requested_at`, `confirmed_at`) VALUES (33, 12, 1, '2013-06-01 08:35:34', '1994-03-05 05:36:41');
INSERT INTO `friendship` (`user_id`, `friend_id`, `status_id`, `requested_at`, `confirmed_at`) VALUES (34, 82, 3, '1988-12-18 03:33:34', '1994-05-01 13:05:09');
INSERT INTO `friendship` (`user_id`, `friend_id`, `status_id`, `requested_at`, `confirmed_at`) VALUES (39, 10, 1, '1990-12-05 09:27:32', '1978-05-27 07:01:26');
INSERT INTO `friendship` (`user_id`, `friend_id`, `status_id`, `requested_at`, `confirmed_at`) VALUES (39, 30, 4, '1971-08-28 15:07:27', '1977-03-09 08:25:25');
INSERT INTO `friendship` (`user_id`, `friend_id`, `status_id`, `requested_at`, `confirmed_at`) VALUES (39, 36, 6, '2018-01-22 18:08:16', '2007-03-05 12:03:59');
INSERT INTO `friendship` (`user_id`, `friend_id`, `status_id`, `requested_at`, `confirmed_at`) VALUES (39, 82, 3, '1987-09-15 11:23:43', '1996-08-18 12:47:35');
INSERT INTO `friendship` (`user_id`, `friend_id`, `status_id`, `requested_at`, `confirmed_at`) VALUES (40, 52, 5, '1972-05-05 09:15:04', '1981-01-16 08:08:57');
INSERT INTO `friendship` (`user_id`, `friend_id`, `status_id`, `requested_at`, `confirmed_at`) VALUES (43, 18, 7, '2003-04-09 16:35:02', '1995-03-18 11:43:19');
INSERT INTO `friendship` (`user_id`, `friend_id`, `status_id`, `requested_at`, `confirmed_at`) VALUES (44, 10, 7, '2006-10-29 16:33:51', '1982-07-28 23:05:10');
INSERT INTO `friendship` (`user_id`, `friend_id`, `status_id`, `requested_at`, `confirmed_at`) VALUES (45, 11, 1, '2006-12-14 15:17:37', '1981-03-04 03:45:38');
INSERT INTO `friendship` (`user_id`, `friend_id`, `status_id`, `requested_at`, `confirmed_at`) VALUES (45, 30, 3, '2016-12-25 01:17:18', '2020-02-10 02:29:29');
INSERT INTO `friendship` (`user_id`, `friend_id`, `status_id`, `requested_at`, `confirmed_at`) VALUES (46, 92, 4, '1999-07-13 12:43:18', '1977-08-07 17:11:52');
INSERT INTO `friendship` (`user_id`, `friend_id`, `status_id`, `requested_at`, `confirmed_at`) VALUES (47, 55, 7, '1985-10-11 05:21:49', '2019-05-01 09:17:02');
INSERT INTO `friendship` (`user_id`, `friend_id`, `status_id`, `requested_at`, `confirmed_at`) VALUES (47, 75, 6, '1991-02-26 01:18:04', '1975-10-10 03:28:29');
INSERT INTO `friendship` (`user_id`, `friend_id`, `status_id`, `requested_at`, `confirmed_at`) VALUES (48, 80, 4, '2016-03-13 00:14:43', '2007-09-09 21:02:45');
INSERT INTO `friendship` (`user_id`, `friend_id`, `status_id`, `requested_at`, `confirmed_at`) VALUES (50, 81, 3, '1998-03-13 04:29:24', '2011-10-25 11:43:29');
INSERT INTO `friendship` (`user_id`, `friend_id`, `status_id`, `requested_at`, `confirmed_at`) VALUES (50, 85, 5, '2014-10-22 10:55:08', '2011-01-29 06:12:05');
INSERT INTO `friendship` (`user_id`, `friend_id`, `status_id`, `requested_at`, `confirmed_at`) VALUES (52, 72, 4, '2011-11-18 01:50:51', '1994-07-21 20:10:42');
INSERT INTO `friendship` (`user_id`, `friend_id`, `status_id`, `requested_at`, `confirmed_at`) VALUES (53, 65, 2, '1997-03-03 19:26:50', '2015-05-17 05:17:57');
INSERT INTO `friendship` (`user_id`, `friend_id`, `status_id`, `requested_at`, `confirmed_at`) VALUES (56, 75, 1, '1972-11-16 05:03:46', '2015-08-29 05:57:09');
INSERT INTO `friendship` (`user_id`, `friend_id`, `status_id`, `requested_at`, `confirmed_at`) VALUES (57, 18, 4, '1983-10-24 05:10:54', '2010-10-07 17:32:13');
INSERT INTO `friendship` (`user_id`, `friend_id`, `status_id`, `requested_at`, `confirmed_at`) VALUES (57, 27, 7, '2014-06-11 10:47:30', '2015-07-09 12:51:13');
INSERT INTO `friendship` (`user_id`, `friend_id`, `status_id`, `requested_at`, `confirmed_at`) VALUES (58, 51, 1, '1994-10-11 06:35:03', '2002-12-27 14:28:07');
INSERT INTO `friendship` (`user_id`, `friend_id`, `status_id`, `requested_at`, `confirmed_at`) VALUES (60, 48, 6, '1988-09-10 03:13:55', '2009-06-24 18:13:20');
INSERT INTO `friendship` (`user_id`, `friend_id`, `status_id`, `requested_at`, `confirmed_at`) VALUES (62, 15, 6, '2015-02-26 06:53:01', '1981-08-19 08:08:31');
INSERT INTO `friendship` (`user_id`, `friend_id`, `status_id`, `requested_at`, `confirmed_at`) VALUES (62, 86, 5, '2000-02-06 16:37:49', '1974-07-05 01:06:32');
INSERT INTO `friendship` (`user_id`, `friend_id`, `status_id`, `requested_at`, `confirmed_at`) VALUES (62, 100, 1, '2001-10-31 02:37:35', '2017-12-22 13:29:12');
INSERT INTO `friendship` (`user_id`, `friend_id`, `status_id`, `requested_at`, `confirmed_at`) VALUES (63, 31, 6, '2008-04-09 23:27:30', '1986-03-18 00:39:15');
INSERT INTO `friendship` (`user_id`, `friend_id`, `status_id`, `requested_at`, `confirmed_at`) VALUES (63, 63, 5, '1973-04-06 10:38:10', '1995-06-28 06:39:42');
INSERT INTO `friendship` (`user_id`, `friend_id`, `status_id`, `requested_at`, `confirmed_at`) VALUES (65, 29, 1, '2020-01-13 20:13:25', '2006-12-13 17:47:54');
INSERT INTO `friendship` (`user_id`, `friend_id`, `status_id`, `requested_at`, `confirmed_at`) VALUES (67, 2, 2, '2003-05-27 01:54:32', '1998-10-24 00:51:42');
INSERT INTO `friendship` (`user_id`, `friend_id`, `status_id`, `requested_at`, `confirmed_at`) VALUES (69, 19, 3, '1985-03-01 12:18:46', '2007-08-13 18:33:40');
INSERT INTO `friendship` (`user_id`, `friend_id`, `status_id`, `requested_at`, `confirmed_at`) VALUES (69, 29, 1, '1979-08-31 08:02:30', '1975-06-10 02:12:50');
INSERT INTO `friendship` (`user_id`, `friend_id`, `status_id`, `requested_at`, `confirmed_at`) VALUES (71, 50, 4, '2000-05-28 10:54:59', '1987-02-03 19:17:51');
INSERT INTO `friendship` (`user_id`, `friend_id`, `status_id`, `requested_at`, `confirmed_at`) VALUES (71, 91, 6, '2017-03-19 10:25:10', '2011-01-21 03:18:09');
INSERT INTO `friendship` (`user_id`, `friend_id`, `status_id`, `requested_at`, `confirmed_at`) VALUES (71, 94, 6, '2003-07-25 07:09:16', '1992-08-07 02:34:45');
INSERT INTO `friendship` (`user_id`, `friend_id`, `status_id`, `requested_at`, `confirmed_at`) VALUES (71, 99, 2, '2000-04-24 10:36:00', '1974-11-05 14:29:22');
INSERT INTO `friendship` (`user_id`, `friend_id`, `status_id`, `requested_at`, `confirmed_at`) VALUES (72, 58, 7, '1978-08-22 04:42:22', '2010-06-09 20:49:55');
INSERT INTO `friendship` (`user_id`, `friend_id`, `status_id`, `requested_at`, `confirmed_at`) VALUES (74, 19, 5, '2006-01-05 00:25:46', '1977-09-13 18:06:25');
INSERT INTO `friendship` (`user_id`, `friend_id`, `status_id`, `requested_at`, `confirmed_at`) VALUES (75, 20, 5, '2009-12-17 03:30:07', '2007-03-24 16:03:01');
INSERT INTO `friendship` (`user_id`, `friend_id`, `status_id`, `requested_at`, `confirmed_at`) VALUES (76, 38, 5, '2019-04-16 19:49:28', '1972-03-14 10:54:14');
INSERT INTO `friendship` (`user_id`, `friend_id`, `status_id`, `requested_at`, `confirmed_at`) VALUES (76, 79, 1, '2004-05-09 22:51:22', '2002-06-10 13:40:28');
INSERT INTO `friendship` (`user_id`, `friend_id`, `status_id`, `requested_at`, `confirmed_at`) VALUES (77, 85, 4, '1984-09-30 22:33:56', '1998-01-22 12:58:16');
INSERT INTO `friendship` (`user_id`, `friend_id`, `status_id`, `requested_at`, `confirmed_at`) VALUES (78, 1, 4, '1997-07-30 19:16:30', '1999-04-14 21:00:01');
INSERT INTO `friendship` (`user_id`, `friend_id`, `status_id`, `requested_at`, `confirmed_at`) VALUES (78, 28, 2, '1983-04-21 07:46:37', '2006-02-07 16:39:36');
INSERT INTO `friendship` (`user_id`, `friend_id`, `status_id`, `requested_at`, `confirmed_at`) VALUES (78, 43, 7, '1995-06-01 08:28:45', '2003-01-03 09:43:23');
INSERT INTO `friendship` (`user_id`, `friend_id`, `status_id`, `requested_at`, `confirmed_at`) VALUES (79, 37, 2, '1980-02-12 21:58:23', '1978-01-28 06:06:00');
INSERT INTO `friendship` (`user_id`, `friend_id`, `status_id`, `requested_at`, `confirmed_at`) VALUES (79, 69, 7, '1983-05-17 09:09:53', '2016-08-29 13:46:33');
INSERT INTO `friendship` (`user_id`, `friend_id`, `status_id`, `requested_at`, `confirmed_at`) VALUES (79, 100, 3, '2012-09-18 15:30:43', '2001-10-14 07:52:11');
INSERT INTO `friendship` (`user_id`, `friend_id`, `status_id`, `requested_at`, `confirmed_at`) VALUES (81, 26, 6, '1998-02-15 07:48:49', '2004-08-25 02:46:32');
INSERT INTO `friendship` (`user_id`, `friend_id`, `status_id`, `requested_at`, `confirmed_at`) VALUES (81, 69, 7, '1975-09-04 21:54:22', '1979-04-18 13:20:46');
INSERT INTO `friendship` (`user_id`, `friend_id`, `status_id`, `requested_at`, `confirmed_at`) VALUES (83, 87, 1, '1983-10-29 03:20:40', '1986-08-12 17:06:24');
INSERT INTO `friendship` (`user_id`, `friend_id`, `status_id`, `requested_at`, `confirmed_at`) VALUES (84, 8, 3, '2016-02-05 21:05:59', '1984-10-20 22:53:33');
INSERT INTO `friendship` (`user_id`, `friend_id`, `status_id`, `requested_at`, `confirmed_at`) VALUES (84, 40, 2, '2007-03-24 09:42:44', '2018-06-27 07:53:09');
INSERT INTO `friendship` (`user_id`, `friend_id`, `status_id`, `requested_at`, `confirmed_at`) VALUES (84, 67, 6, '1980-01-04 18:02:59', '1970-09-28 21:16:31');
INSERT INTO `friendship` (`user_id`, `friend_id`, `status_id`, `requested_at`, `confirmed_at`) VALUES (85, 97, 2, '2017-07-15 12:24:15', '1998-04-02 13:01:24');
INSERT INTO `friendship` (`user_id`, `friend_id`, `status_id`, `requested_at`, `confirmed_at`) VALUES (86, 44, 5, '2003-10-11 18:41:47', '2019-09-09 18:05:27');
INSERT INTO `friendship` (`user_id`, `friend_id`, `status_id`, `requested_at`, `confirmed_at`) VALUES (86, 80, 2, '2000-04-04 11:15:08', '2003-01-16 14:21:30');
INSERT INTO `friendship` (`user_id`, `friend_id`, `status_id`, `requested_at`, `confirmed_at`) VALUES (87, 59, 2, '1980-03-13 20:18:54', '1971-12-15 02:35:50');
INSERT INTO `friendship` (`user_id`, `friend_id`, `status_id`, `requested_at`, `confirmed_at`) VALUES (87, 78, 7, '2013-11-01 19:43:51', '2017-10-02 22:33:09');
INSERT INTO `friendship` (`user_id`, `friend_id`, `status_id`, `requested_at`, `confirmed_at`) VALUES (87, 95, 5, '1989-03-16 15:28:16', '2004-06-12 22:49:00');
INSERT INTO `friendship` (`user_id`, `friend_id`, `status_id`, `requested_at`, `confirmed_at`) VALUES (89, 48, 5, '1970-01-27 09:50:56', '2002-07-10 15:12:22');
INSERT INTO `friendship` (`user_id`, `friend_id`, `status_id`, `requested_at`, `confirmed_at`) VALUES (92, 40, 4, '1993-09-22 09:02:14', '1974-01-28 11:30:32');
INSERT INTO `friendship` (`user_id`, `friend_id`, `status_id`, `requested_at`, `confirmed_at`) VALUES (92, 54, 4, '1976-03-08 08:25:50', '1997-05-25 21:15:19');
INSERT INTO `friendship` (`user_id`, `friend_id`, `status_id`, `requested_at`, `confirmed_at`) VALUES (92, 89, 4, '1985-08-22 21:10:14', '1997-02-06 13:44:03');
INSERT INTO `friendship` (`user_id`, `friend_id`, `status_id`, `requested_at`, `confirmed_at`) VALUES (94, 82, 2, '1974-01-17 04:48:03', '2018-12-26 23:36:23');
INSERT INTO `friendship` (`user_id`, `friend_id`, `status_id`, `requested_at`, `confirmed_at`) VALUES (95, 13, 2, '1993-11-25 14:16:43', '1984-04-26 12:36:26');
INSERT INTO `friendship` (`user_id`, `friend_id`, `status_id`, `requested_at`, `confirmed_at`) VALUES (96, 46, 3, '2019-12-21 04:47:37', '1970-06-25 23:59:58');
INSERT INTO `friendship` (`user_id`, `friend_id`, `status_id`, `requested_at`, `confirmed_at`) VALUES (96, 51, 6, '2000-01-22 10:51:08', '1975-05-12 14:55:45');
INSERT INTO `friendship` (`user_id`, `friend_id`, `status_id`, `requested_at`, `confirmed_at`) VALUES (97, 5, 3, '1999-09-16 00:27:44', '2011-07-09 03:37:10');
INSERT INTO `friendship` (`user_id`, `friend_id`, `status_id`, `requested_at`, `confirmed_at`) VALUES (97, 96, 3, '2000-06-12 22:21:39', '1999-11-17 15:12:11');
INSERT INTO `friendship` (`user_id`, `friend_id`, `status_id`, `requested_at`, `confirmed_at`) VALUES (98, 52, 7, '2011-02-01 14:54:22', '1994-08-21 04:21:01');


#
# TABLE STRUCTURE FOR: friendship_statuses
#

DROP TABLE IF EXISTS `friendship_statuses`;

CREATE TABLE `friendship_statuses` (
  `id` int(10) unsigned NOT NULL AUTO_INCREMENT,
  `name` varchar(150) COLLATE utf8_unicode_ci NOT NULL,
  PRIMARY KEY (`id`),
  UNIQUE KEY `name` (`name`)
) ENGINE=InnoDB AUTO_INCREMENT=8 DEFAULT CHARSET=utf8 COLLATE=utf8_unicode_ci;

INSERT INTO `friendship_statuses` (`id`, `name`) VALUES (6, 'culpa');
INSERT INTO `friendship_statuses` (`id`, `name`) VALUES (1, 'cupiditate');
INSERT INTO `friendship_statuses` (`id`, `name`) VALUES (5, 'et');
INSERT INTO `friendship_statuses` (`id`, `name`) VALUES (2, 'eum');
INSERT INTO `friendship_statuses` (`id`, `name`) VALUES (3, 'eveniet');
INSERT INTO `friendship_statuses` (`id`, `name`) VALUES (4, 'libero');
INSERT INTO `friendship_statuses` (`id`, `name`) VALUES (7, 'veritatis');


#
# TABLE STRUCTURE FOR: media
#

DROP TABLE IF EXISTS `media`;

CREATE TABLE `media` (
  `id` int(10) unsigned NOT NULL AUTO_INCREMENT,
  `media_type_id` int(10) unsigned NOT NULL,
  `user_id` int(10) unsigned NOT NULL,
  `file_path` varchar(255) COLLATE utf8_unicode_ci NOT NULL,
  `size` int(11) NOT NULL,
  `metadata` longtext CHARACTER SET utf8mb4 COLLATE utf8mb4_bin DEFAULT NULL,
  `created_at` datetime DEFAULT current_timestamp(),
  `updated_at` datetime DEFAULT current_timestamp() ON UPDATE current_timestamp(),
  PRIMARY KEY (`id`)
) ENGINE=InnoDB AUTO_INCREMENT=101 DEFAULT CHARSET=utf8 COLLATE=utf8_unicode_ci;

INSERT INTO `media` (`id`, `media_type_id`, `user_id`, `file_path`, `size`, `metadata`, `created_at`, `updated_at`) VALUES (1, 1, 1, 'http://lorempixel.com/640/480/', 3124215, NULL, '1976-05-25 20:48:58', '2007-12-02 03:22:02');
INSERT INTO `media` (`id`, `media_type_id`, `user_id`, `file_path`, `size`, `metadata`, `created_at`, `updated_at`) VALUES (2, 2, 2, 'http://lorempixel.com/640/480/', 31063729, NULL, '2018-05-06 21:35:10', '2007-02-17 14:59:12');
INSERT INTO `media` (`id`, `media_type_id`, `user_id`, `file_path`, `size`, `metadata`, `created_at`, `updated_at`) VALUES (3, 3, 3, 'http://lorempixel.com/640/480/', 65460340, NULL, '1993-02-23 14:04:49', '2013-08-22 03:52:38');
INSERT INTO `media` (`id`, `media_type_id`, `user_id`, `file_path`, `size`, `metadata`, `created_at`, `updated_at`) VALUES (4, 4, 4, 'http://lorempixel.com/640/480/', 29, NULL, '2017-03-21 00:12:47', '1999-08-13 14:49:03');
INSERT INTO `media` (`id`, `media_type_id`, `user_id`, `file_path`, `size`, `metadata`, `created_at`, `updated_at`) VALUES (5, 5, 5, 'http://lorempixel.com/640/480/', 113, NULL, '1990-08-01 16:04:48', '2014-01-29 01:25:55');
INSERT INTO `media` (`id`, `media_type_id`, `user_id`, `file_path`, `size`, `metadata`, `created_at`, `updated_at`) VALUES (6, 1, 6, 'http://lorempixel.com/640/480/', 0, NULL, '2011-03-31 14:37:50', '1974-04-05 01:58:29');
INSERT INTO `media` (`id`, `media_type_id`, `user_id`, `file_path`, `size`, `metadata`, `created_at`, `updated_at`) VALUES (7, 2, 7, 'http://lorempixel.com/640/480/', 7537027, NULL, '1970-12-24 19:20:24', '1989-02-08 09:43:22');
INSERT INTO `media` (`id`, `media_type_id`, `user_id`, `file_path`, `size`, `metadata`, `created_at`, `updated_at`) VALUES (8, 3, 8, 'http://lorempixel.com/640/480/', 743605334, NULL, '2012-03-04 06:39:18', '1984-04-06 05:16:06');
INSERT INTO `media` (`id`, `media_type_id`, `user_id`, `file_path`, `size`, `metadata`, `created_at`, `updated_at`) VALUES (9, 4, 9, 'http://lorempixel.com/640/480/', 48806, NULL, '2013-10-22 09:22:30', '2013-12-30 04:10:54');
INSERT INTO `media` (`id`, `media_type_id`, `user_id`, `file_path`, `size`, `metadata`, `created_at`, `updated_at`) VALUES (10, 5, 10, 'http://lorempixel.com/640/480/', 67879668, NULL, '1984-02-22 10:43:48', '1990-02-05 20:53:00');
INSERT INTO `media` (`id`, `media_type_id`, `user_id`, `file_path`, `size`, `metadata`, `created_at`, `updated_at`) VALUES (11, 1, 11, 'http://lorempixel.com/640/480/', 1452622, NULL, '1974-02-09 11:01:31', '1994-02-02 08:19:13');
INSERT INTO `media` (`id`, `media_type_id`, `user_id`, `file_path`, `size`, `metadata`, `created_at`, `updated_at`) VALUES (12, 2, 12, 'http://lorempixel.com/640/480/', 8, NULL, '2014-05-22 14:20:17', '1975-02-21 19:37:04');
INSERT INTO `media` (`id`, `media_type_id`, `user_id`, `file_path`, `size`, `metadata`, `created_at`, `updated_at`) VALUES (13, 3, 13, 'http://lorempixel.com/640/480/', 78, NULL, '1994-05-09 23:46:11', '2002-12-11 12:34:47');
INSERT INTO `media` (`id`, `media_type_id`, `user_id`, `file_path`, `size`, `metadata`, `created_at`, `updated_at`) VALUES (14, 4, 14, 'http://lorempixel.com/640/480/', 9607837, NULL, '1997-08-13 23:06:16', '1998-07-14 10:40:51');
INSERT INTO `media` (`id`, `media_type_id`, `user_id`, `file_path`, `size`, `metadata`, `created_at`, `updated_at`) VALUES (15, 5, 15, 'http://lorempixel.com/640/480/', 23903828, NULL, '1975-12-19 11:52:19', '1993-12-01 22:53:51');
INSERT INTO `media` (`id`, `media_type_id`, `user_id`, `file_path`, `size`, `metadata`, `created_at`, `updated_at`) VALUES (16, 1, 16, 'http://lorempixel.com/640/480/', 576, NULL, '1982-03-10 09:12:06', '1994-05-12 05:38:14');
INSERT INTO `media` (`id`, `media_type_id`, `user_id`, `file_path`, `size`, `metadata`, `created_at`, `updated_at`) VALUES (17, 2, 17, 'http://lorempixel.com/640/480/', 72, NULL, '2019-08-16 17:20:49', '2014-02-06 08:58:24');
INSERT INTO `media` (`id`, `media_type_id`, `user_id`, `file_path`, `size`, `metadata`, `created_at`, `updated_at`) VALUES (18, 3, 18, 'http://lorempixel.com/640/480/', 122721, NULL, '1999-07-05 22:16:33', '1988-02-23 20:51:40');
INSERT INTO `media` (`id`, `media_type_id`, `user_id`, `file_path`, `size`, `metadata`, `created_at`, `updated_at`) VALUES (19, 4, 19, 'http://lorempixel.com/640/480/', 8366923, NULL, '1996-09-23 05:32:17', '1970-01-11 22:29:22');
INSERT INTO `media` (`id`, `media_type_id`, `user_id`, `file_path`, `size`, `metadata`, `created_at`, `updated_at`) VALUES (20, 5, 20, 'http://lorempixel.com/640/480/', 98970, NULL, '2003-10-13 09:15:34', '1985-02-18 23:54:18');
INSERT INTO `media` (`id`, `media_type_id`, `user_id`, `file_path`, `size`, `metadata`, `created_at`, `updated_at`) VALUES (21, 1, 21, 'http://lorempixel.com/640/480/', 68957, NULL, '2016-03-14 10:48:51', '1982-03-09 22:40:08');
INSERT INTO `media` (`id`, `media_type_id`, `user_id`, `file_path`, `size`, `metadata`, `created_at`, `updated_at`) VALUES (22, 2, 22, 'http://lorempixel.com/640/480/', 642629041, NULL, '1990-08-18 06:32:25', '1984-04-19 18:09:01');
INSERT INTO `media` (`id`, `media_type_id`, `user_id`, `file_path`, `size`, `metadata`, `created_at`, `updated_at`) VALUES (23, 3, 23, 'http://lorempixel.com/640/480/', 82, NULL, '2009-05-15 21:36:10', '1995-05-21 14:17:01');
INSERT INTO `media` (`id`, `media_type_id`, `user_id`, `file_path`, `size`, `metadata`, `created_at`, `updated_at`) VALUES (24, 4, 24, 'http://lorempixel.com/640/480/', 1752, NULL, '2012-09-01 00:43:35', '2010-12-18 11:31:30');
INSERT INTO `media` (`id`, `media_type_id`, `user_id`, `file_path`, `size`, `metadata`, `created_at`, `updated_at`) VALUES (25, 5, 25, 'http://lorempixel.com/640/480/', 4021876, NULL, '1991-03-13 19:56:59', '1999-07-25 17:46:29');
INSERT INTO `media` (`id`, `media_type_id`, `user_id`, `file_path`, `size`, `metadata`, `created_at`, `updated_at`) VALUES (26, 1, 26, 'http://lorempixel.com/640/480/', 84, NULL, '2018-04-22 03:45:48', '2018-09-13 12:48:19');
INSERT INTO `media` (`id`, `media_type_id`, `user_id`, `file_path`, `size`, `metadata`, `created_at`, `updated_at`) VALUES (27, 2, 27, 'http://lorempixel.com/640/480/', 69, NULL, '1983-11-20 19:27:14', '1999-04-26 18:32:41');
INSERT INTO `media` (`id`, `media_type_id`, `user_id`, `file_path`, `size`, `metadata`, `created_at`, `updated_at`) VALUES (28, 3, 28, 'http://lorempixel.com/640/480/', 1, NULL, '1978-08-04 09:53:05', '1991-04-02 20:37:06');
INSERT INTO `media` (`id`, `media_type_id`, `user_id`, `file_path`, `size`, `metadata`, `created_at`, `updated_at`) VALUES (29, 4, 29, 'http://lorempixel.com/640/480/', 44, NULL, '1980-01-20 21:39:01', '1976-10-05 15:29:39');
INSERT INTO `media` (`id`, `media_type_id`, `user_id`, `file_path`, `size`, `metadata`, `created_at`, `updated_at`) VALUES (30, 5, 30, 'http://lorempixel.com/640/480/', 38408791, NULL, '2001-05-30 17:00:07', '2004-10-25 00:06:37');
INSERT INTO `media` (`id`, `media_type_id`, `user_id`, `file_path`, `size`, `metadata`, `created_at`, `updated_at`) VALUES (31, 1, 31, 'http://lorempixel.com/640/480/', 68822641, NULL, '1975-12-25 13:03:03', '1981-05-31 15:37:40');
INSERT INTO `media` (`id`, `media_type_id`, `user_id`, `file_path`, `size`, `metadata`, `created_at`, `updated_at`) VALUES (32, 2, 32, 'http://lorempixel.com/640/480/', 4809575, NULL, '2002-04-01 02:57:03', '2019-05-21 19:11:53');
INSERT INTO `media` (`id`, `media_type_id`, `user_id`, `file_path`, `size`, `metadata`, `created_at`, `updated_at`) VALUES (33, 3, 33, 'http://lorempixel.com/640/480/', 6417762, NULL, '1994-04-22 12:49:10', '2020-03-09 11:11:13');
INSERT INTO `media` (`id`, `media_type_id`, `user_id`, `file_path`, `size`, `metadata`, `created_at`, `updated_at`) VALUES (34, 4, 34, 'http://lorempixel.com/640/480/', 95500645, NULL, '1997-08-21 19:52:53', '1991-10-31 07:39:36');
INSERT INTO `media` (`id`, `media_type_id`, `user_id`, `file_path`, `size`, `metadata`, `created_at`, `updated_at`) VALUES (35, 5, 35, 'http://lorempixel.com/640/480/', 1091942, NULL, '1999-10-13 13:17:36', '1986-10-10 01:13:23');
INSERT INTO `media` (`id`, `media_type_id`, `user_id`, `file_path`, `size`, `metadata`, `created_at`, `updated_at`) VALUES (36, 1, 36, 'http://lorempixel.com/640/480/', 4969145, NULL, '1998-12-28 22:16:18', '2014-11-10 03:12:37');
INSERT INTO `media` (`id`, `media_type_id`, `user_id`, `file_path`, `size`, `metadata`, `created_at`, `updated_at`) VALUES (37, 2, 37, 'http://lorempixel.com/640/480/', 467562, NULL, '2006-12-30 23:56:15', '2010-07-10 00:11:48');
INSERT INTO `media` (`id`, `media_type_id`, `user_id`, `file_path`, `size`, `metadata`, `created_at`, `updated_at`) VALUES (38, 3, 38, 'http://lorempixel.com/640/480/', 69656360, NULL, '1992-04-02 19:54:22', '1982-12-24 22:50:19');
INSERT INTO `media` (`id`, `media_type_id`, `user_id`, `file_path`, `size`, `metadata`, `created_at`, `updated_at`) VALUES (39, 4, 39, 'http://lorempixel.com/640/480/', 19030, NULL, '1981-03-12 22:33:30', '1979-09-21 00:01:01');
INSERT INTO `media` (`id`, `media_type_id`, `user_id`, `file_path`, `size`, `metadata`, `created_at`, `updated_at`) VALUES (40, 5, 40, 'http://lorempixel.com/640/480/', 818933352, NULL, '1978-08-31 16:08:31', '2014-02-10 23:26:39');
INSERT INTO `media` (`id`, `media_type_id`, `user_id`, `file_path`, `size`, `metadata`, `created_at`, `updated_at`) VALUES (41, 1, 41, 'http://lorempixel.com/640/480/', 996, NULL, '1997-03-01 15:40:25', '2002-09-01 17:43:57');
INSERT INTO `media` (`id`, `media_type_id`, `user_id`, `file_path`, `size`, `metadata`, `created_at`, `updated_at`) VALUES (42, 2, 42, 'http://lorempixel.com/640/480/', 7987095, NULL, '2018-05-07 17:52:38', '1977-10-17 18:13:24');
INSERT INTO `media` (`id`, `media_type_id`, `user_id`, `file_path`, `size`, `metadata`, `created_at`, `updated_at`) VALUES (43, 3, 43, 'http://lorempixel.com/640/480/', 8589, NULL, '2011-08-28 18:04:12', '2008-09-02 15:55:37');
INSERT INTO `media` (`id`, `media_type_id`, `user_id`, `file_path`, `size`, `metadata`, `created_at`, `updated_at`) VALUES (44, 4, 44, 'http://lorempixel.com/640/480/', 195242, NULL, '1996-03-16 00:07:51', '2000-01-11 09:28:40');
INSERT INTO `media` (`id`, `media_type_id`, `user_id`, `file_path`, `size`, `metadata`, `created_at`, `updated_at`) VALUES (45, 5, 45, 'http://lorempixel.com/640/480/', 9071, NULL, '2008-11-03 17:59:17', '1990-04-05 13:02:39');
INSERT INTO `media` (`id`, `media_type_id`, `user_id`, `file_path`, `size`, `metadata`, `created_at`, `updated_at`) VALUES (46, 1, 46, 'http://lorempixel.com/640/480/', 237864782, NULL, '2015-04-12 11:43:11', '2003-11-17 11:54:25');
INSERT INTO `media` (`id`, `media_type_id`, `user_id`, `file_path`, `size`, `metadata`, `created_at`, `updated_at`) VALUES (47, 2, 47, 'http://lorempixel.com/640/480/', 24, NULL, '2011-01-11 10:17:53', '1991-06-25 22:51:37');
INSERT INTO `media` (`id`, `media_type_id`, `user_id`, `file_path`, `size`, `metadata`, `created_at`, `updated_at`) VALUES (48, 3, 48, 'http://lorempixel.com/640/480/', 17, NULL, '1974-01-14 03:05:58', '1990-02-01 03:10:56');
INSERT INTO `media` (`id`, `media_type_id`, `user_id`, `file_path`, `size`, `metadata`, `created_at`, `updated_at`) VALUES (49, 4, 49, 'http://lorempixel.com/640/480/', 99569, NULL, '1980-11-24 12:07:11', '1976-04-17 07:29:37');
INSERT INTO `media` (`id`, `media_type_id`, `user_id`, `file_path`, `size`, `metadata`, `created_at`, `updated_at`) VALUES (50, 5, 50, 'http://lorempixel.com/640/480/', 602848834, NULL, '1972-08-05 06:04:03', '2013-06-02 19:30:47');
INSERT INTO `media` (`id`, `media_type_id`, `user_id`, `file_path`, `size`, `metadata`, `created_at`, `updated_at`) VALUES (51, 1, 51, 'http://lorempixel.com/640/480/', 640, NULL, '1986-12-18 20:47:53', '2010-11-02 18:41:21');
INSERT INTO `media` (`id`, `media_type_id`, `user_id`, `file_path`, `size`, `metadata`, `created_at`, `updated_at`) VALUES (52, 2, 52, 'http://lorempixel.com/640/480/', 834028422, NULL, '2013-09-11 09:32:19', '1984-01-23 07:59:35');
INSERT INTO `media` (`id`, `media_type_id`, `user_id`, `file_path`, `size`, `metadata`, `created_at`, `updated_at`) VALUES (53, 3, 53, 'http://lorempixel.com/640/480/', 142, NULL, '1996-05-02 05:07:37', '1993-12-18 08:10:28');
INSERT INTO `media` (`id`, `media_type_id`, `user_id`, `file_path`, `size`, `metadata`, `created_at`, `updated_at`) VALUES (54, 4, 54, 'http://lorempixel.com/640/480/', 7, NULL, '2015-01-21 06:43:24', '1989-10-30 01:31:35');
INSERT INTO `media` (`id`, `media_type_id`, `user_id`, `file_path`, `size`, `metadata`, `created_at`, `updated_at`) VALUES (55, 5, 55, 'http://lorempixel.com/640/480/', 0, NULL, '1989-11-25 06:49:07', '1998-08-30 11:06:02');
INSERT INTO `media` (`id`, `media_type_id`, `user_id`, `file_path`, `size`, `metadata`, `created_at`, `updated_at`) VALUES (56, 1, 56, 'http://lorempixel.com/640/480/', 618, NULL, '1981-02-04 12:23:35', '1993-02-08 18:37:38');
INSERT INTO `media` (`id`, `media_type_id`, `user_id`, `file_path`, `size`, `metadata`, `created_at`, `updated_at`) VALUES (57, 2, 57, 'http://lorempixel.com/640/480/', 4, NULL, '1977-04-25 05:09:01', '1999-10-29 20:56:26');
INSERT INTO `media` (`id`, `media_type_id`, `user_id`, `file_path`, `size`, `metadata`, `created_at`, `updated_at`) VALUES (58, 3, 58, 'http://lorempixel.com/640/480/', 1, NULL, '1971-03-19 20:46:29', '1974-11-30 11:13:26');
INSERT INTO `media` (`id`, `media_type_id`, `user_id`, `file_path`, `size`, `metadata`, `created_at`, `updated_at`) VALUES (59, 4, 59, 'http://lorempixel.com/640/480/', 763658009, NULL, '1982-05-29 09:50:36', '2006-06-17 02:41:23');
INSERT INTO `media` (`id`, `media_type_id`, `user_id`, `file_path`, `size`, `metadata`, `created_at`, `updated_at`) VALUES (60, 5, 60, 'http://lorempixel.com/640/480/', 379333412, NULL, '1979-12-04 09:17:14', '1998-05-21 16:06:48');
INSERT INTO `media` (`id`, `media_type_id`, `user_id`, `file_path`, `size`, `metadata`, `created_at`, `updated_at`) VALUES (61, 1, 61, 'http://lorempixel.com/640/480/', 34, NULL, '2002-04-23 19:27:32', '1971-08-10 05:04:51');
INSERT INTO `media` (`id`, `media_type_id`, `user_id`, `file_path`, `size`, `metadata`, `created_at`, `updated_at`) VALUES (62, 2, 62, 'http://lorempixel.com/640/480/', 78, NULL, '1983-02-14 19:35:26', '1973-02-27 10:02:44');
INSERT INTO `media` (`id`, `media_type_id`, `user_id`, `file_path`, `size`, `metadata`, `created_at`, `updated_at`) VALUES (63, 3, 63, 'http://lorempixel.com/640/480/', 8227038, NULL, '2001-05-02 10:01:39', '1993-10-28 02:24:17');
INSERT INTO `media` (`id`, `media_type_id`, `user_id`, `file_path`, `size`, `metadata`, `created_at`, `updated_at`) VALUES (64, 4, 64, 'http://lorempixel.com/640/480/', 937463079, NULL, '1980-09-02 01:37:03', '2017-05-29 19:25:05');
INSERT INTO `media` (`id`, `media_type_id`, `user_id`, `file_path`, `size`, `metadata`, `created_at`, `updated_at`) VALUES (65, 5, 65, 'http://lorempixel.com/640/480/', 678660715, NULL, '1993-03-28 01:43:20', '1988-02-10 02:05:50');
INSERT INTO `media` (`id`, `media_type_id`, `user_id`, `file_path`, `size`, `metadata`, `created_at`, `updated_at`) VALUES (66, 1, 66, 'http://lorempixel.com/640/480/', 5050, NULL, '2002-01-28 19:59:53', '1979-04-09 22:26:00');
INSERT INTO `media` (`id`, `media_type_id`, `user_id`, `file_path`, `size`, `metadata`, `created_at`, `updated_at`) VALUES (67, 2, 67, 'http://lorempixel.com/640/480/', 191678, NULL, '1989-02-12 07:27:50', '1997-01-03 06:31:02');
INSERT INTO `media` (`id`, `media_type_id`, `user_id`, `file_path`, `size`, `metadata`, `created_at`, `updated_at`) VALUES (68, 3, 68, 'http://lorempixel.com/640/480/', 61812, NULL, '1987-12-14 19:36:19', '1972-10-12 06:32:59');
INSERT INTO `media` (`id`, `media_type_id`, `user_id`, `file_path`, `size`, `metadata`, `created_at`, `updated_at`) VALUES (69, 4, 69, 'http://lorempixel.com/640/480/', 819, NULL, '2003-05-22 04:36:54', '2015-04-05 18:31:11');
INSERT INTO `media` (`id`, `media_type_id`, `user_id`, `file_path`, `size`, `metadata`, `created_at`, `updated_at`) VALUES (70, 5, 70, 'http://lorempixel.com/640/480/', 31367, NULL, '1977-07-24 06:10:20', '1973-06-30 00:51:53');
INSERT INTO `media` (`id`, `media_type_id`, `user_id`, `file_path`, `size`, `metadata`, `created_at`, `updated_at`) VALUES (71, 1, 71, 'http://lorempixel.com/640/480/', 0, NULL, '2003-02-15 03:30:45', '2013-04-07 04:58:03');
INSERT INTO `media` (`id`, `media_type_id`, `user_id`, `file_path`, `size`, `metadata`, `created_at`, `updated_at`) VALUES (72, 2, 72, 'http://lorempixel.com/640/480/', 959327, NULL, '1989-09-13 06:43:51', '2012-09-15 19:40:02');
INSERT INTO `media` (`id`, `media_type_id`, `user_id`, `file_path`, `size`, `metadata`, `created_at`, `updated_at`) VALUES (73, 3, 73, 'http://lorempixel.com/640/480/', 9, NULL, '1991-10-06 01:39:50', '2014-04-05 19:19:11');
INSERT INTO `media` (`id`, `media_type_id`, `user_id`, `file_path`, `size`, `metadata`, `created_at`, `updated_at`) VALUES (74, 4, 74, 'http://lorempixel.com/640/480/', 495222259, NULL, '2014-03-15 13:13:28', '2004-04-20 04:26:05');
INSERT INTO `media` (`id`, `media_type_id`, `user_id`, `file_path`, `size`, `metadata`, `created_at`, `updated_at`) VALUES (75, 5, 75, 'http://lorempixel.com/640/480/', 0, NULL, '1999-05-15 22:05:13', '2002-08-23 19:52:59');
INSERT INTO `media` (`id`, `media_type_id`, `user_id`, `file_path`, `size`, `metadata`, `created_at`, `updated_at`) VALUES (76, 1, 76, 'http://lorempixel.com/640/480/', 8, NULL, '2005-12-02 06:46:21', '1978-11-29 22:39:21');
INSERT INTO `media` (`id`, `media_type_id`, `user_id`, `file_path`, `size`, `metadata`, `created_at`, `updated_at`) VALUES (77, 2, 77, 'http://lorempixel.com/640/480/', 15, NULL, '1991-07-19 11:08:05', '1973-11-23 19:20:06');
INSERT INTO `media` (`id`, `media_type_id`, `user_id`, `file_path`, `size`, `metadata`, `created_at`, `updated_at`) VALUES (78, 3, 78, 'http://lorempixel.com/640/480/', 63072, NULL, '1974-10-05 03:16:40', '1997-11-02 22:58:24');
INSERT INTO `media` (`id`, `media_type_id`, `user_id`, `file_path`, `size`, `metadata`, `created_at`, `updated_at`) VALUES (79, 4, 79, 'http://lorempixel.com/640/480/', 781564, NULL, '1984-08-08 05:38:22', '2000-06-16 16:07:15');
INSERT INTO `media` (`id`, `media_type_id`, `user_id`, `file_path`, `size`, `metadata`, `created_at`, `updated_at`) VALUES (80, 5, 80, 'http://lorempixel.com/640/480/', 505086331, NULL, '1995-04-08 19:02:01', '1995-04-06 11:37:15');
INSERT INTO `media` (`id`, `media_type_id`, `user_id`, `file_path`, `size`, `metadata`, `created_at`, `updated_at`) VALUES (81, 1, 81, 'http://lorempixel.com/640/480/', 12181, NULL, '1980-09-19 21:56:31', '1996-01-31 10:26:05');
INSERT INTO `media` (`id`, `media_type_id`, `user_id`, `file_path`, `size`, `metadata`, `created_at`, `updated_at`) VALUES (82, 2, 82, 'http://lorempixel.com/640/480/', 592, NULL, '1992-07-08 15:44:43', '2011-01-08 20:10:35');
INSERT INTO `media` (`id`, `media_type_id`, `user_id`, `file_path`, `size`, `metadata`, `created_at`, `updated_at`) VALUES (83, 3, 83, 'http://lorempixel.com/640/480/', 7676, NULL, '1989-11-15 12:32:55', '1983-11-28 22:45:50');
INSERT INTO `media` (`id`, `media_type_id`, `user_id`, `file_path`, `size`, `metadata`, `created_at`, `updated_at`) VALUES (84, 4, 84, 'http://lorempixel.com/640/480/', 109, NULL, '1977-01-26 00:06:50', '2009-12-09 15:59:53');
INSERT INTO `media` (`id`, `media_type_id`, `user_id`, `file_path`, `size`, `metadata`, `created_at`, `updated_at`) VALUES (85, 5, 85, 'http://lorempixel.com/640/480/', 41235719, NULL, '2007-07-05 11:13:14', '2016-07-04 01:34:38');
INSERT INTO `media` (`id`, `media_type_id`, `user_id`, `file_path`, `size`, `metadata`, `created_at`, `updated_at`) VALUES (86, 1, 86, 'http://lorempixel.com/640/480/', 409, NULL, '1990-09-12 16:12:02', '2014-11-14 04:00:36');
INSERT INTO `media` (`id`, `media_type_id`, `user_id`, `file_path`, `size`, `metadata`, `created_at`, `updated_at`) VALUES (87, 2, 87, 'http://lorempixel.com/640/480/', 0, NULL, '1999-09-29 04:52:35', '1989-09-07 19:37:35');
INSERT INTO `media` (`id`, `media_type_id`, `user_id`, `file_path`, `size`, `metadata`, `created_at`, `updated_at`) VALUES (88, 3, 88, 'http://lorempixel.com/640/480/', 8382648, NULL, '1988-08-07 07:51:49', '2001-08-02 16:45:39');
INSERT INTO `media` (`id`, `media_type_id`, `user_id`, `file_path`, `size`, `metadata`, `created_at`, `updated_at`) VALUES (89, 4, 89, 'http://lorempixel.com/640/480/', 64, NULL, '1976-09-02 02:46:50', '2014-01-30 13:40:01');
INSERT INTO `media` (`id`, `media_type_id`, `user_id`, `file_path`, `size`, `metadata`, `created_at`, `updated_at`) VALUES (90, 5, 90, 'http://lorempixel.com/640/480/', 0, NULL, '2010-04-08 20:37:31', '1998-02-19 04:55:10');
INSERT INTO `media` (`id`, `media_type_id`, `user_id`, `file_path`, `size`, `metadata`, `created_at`, `updated_at`) VALUES (91, 1, 91, 'http://lorempixel.com/640/480/', 9994154, NULL, '1991-05-20 20:21:12', '2000-08-31 08:11:34');
INSERT INTO `media` (`id`, `media_type_id`, `user_id`, `file_path`, `size`, `metadata`, `created_at`, `updated_at`) VALUES (92, 2, 92, 'http://lorempixel.com/640/480/', 8438, NULL, '2016-07-30 02:44:29', '2004-03-10 01:45:16');
INSERT INTO `media` (`id`, `media_type_id`, `user_id`, `file_path`, `size`, `metadata`, `created_at`, `updated_at`) VALUES (93, 3, 93, 'http://lorempixel.com/640/480/', 0, NULL, '1989-01-21 15:14:37', '1973-08-13 19:39:09');
INSERT INTO `media` (`id`, `media_type_id`, `user_id`, `file_path`, `size`, `metadata`, `created_at`, `updated_at`) VALUES (94, 4, 94, 'http://lorempixel.com/640/480/', 2, NULL, '2002-09-02 18:02:39', '1976-04-24 11:27:54');
INSERT INTO `media` (`id`, `media_type_id`, `user_id`, `file_path`, `size`, `metadata`, `created_at`, `updated_at`) VALUES (95, 5, 95, 'http://lorempixel.com/640/480/', 0, NULL, '1980-03-22 12:24:05', '2009-09-10 05:36:58');
INSERT INTO `media` (`id`, `media_type_id`, `user_id`, `file_path`, `size`, `metadata`, `created_at`, `updated_at`) VALUES (96, 1, 96, 'http://lorempixel.com/640/480/', 7029855, NULL, '1996-04-25 11:25:40', '2015-01-07 03:28:30');
INSERT INTO `media` (`id`, `media_type_id`, `user_id`, `file_path`, `size`, `metadata`, `created_at`, `updated_at`) VALUES (97, 2, 97, 'http://lorempixel.com/640/480/', 12, NULL, '2004-04-08 09:43:40', '2007-04-18 22:28:54');
INSERT INTO `media` (`id`, `media_type_id`, `user_id`, `file_path`, `size`, `metadata`, `created_at`, `updated_at`) VALUES (98, 3, 98, 'http://lorempixel.com/640/480/', 178474, NULL, '1987-01-29 05:48:52', '2001-10-19 05:40:25');
INSERT INTO `media` (`id`, `media_type_id`, `user_id`, `file_path`, `size`, `metadata`, `created_at`, `updated_at`) VALUES (99, 4, 99, 'http://lorempixel.com/640/480/', 6, NULL, '1971-05-07 03:35:26', '2016-04-04 13:44:59');
INSERT INTO `media` (`id`, `media_type_id`, `user_id`, `file_path`, `size`, `metadata`, `created_at`, `updated_at`) VALUES (100, 5, 100, 'http://lorempixel.com/640/480/', 61, NULL, '1979-05-23 11:34:07', '1978-04-11 22:54:04');


#
# TABLE STRUCTURE FOR: media_types
#

DROP TABLE IF EXISTS `media_types`;

CREATE TABLE `media_types` (
  `id` int(10) unsigned NOT NULL AUTO_INCREMENT,
  `name` varchar(255) COLLATE utf8_unicode_ci NOT NULL,
  PRIMARY KEY (`id`),
  UNIQUE KEY `name` (`name`)
) ENGINE=InnoDB AUTO_INCREMENT=6 DEFAULT CHARSET=utf8 COLLATE=utf8_unicode_ci;

INSERT INTO `media_types` (`id`, `name`) VALUES (1, 'bed');
INSERT INTO `media_types` (`id`, `name`) VALUES (5, 'mxml');
INSERT INTO `media_types` (`id`, `name`) VALUES (3, 'slt');
INSERT INTO `media_types` (`id`, `name`) VALUES (2, 'wax');
INSERT INTO `media_types` (`id`, `name`) VALUES (4, 'xo');


#
# TABLE STRUCTURE FOR: messages
#

DROP TABLE IF EXISTS `messages`;

CREATE TABLE `messages` (
  `id` int(10) unsigned NOT NULL AUTO_INCREMENT,
  `from_user_id` int(10) unsigned NOT NULL,
  `to_user_id` int(10) unsigned NOT NULL,
  `body` text COLLATE utf8_unicode_ci NOT NULL,
  `is_important` tinyint(1) DEFAULT NULL,
  `is_delivered` tinyint(1) DEFAULT NULL,
  `created_at` datetime DEFAULT current_timestamp(),
  PRIMARY KEY (`id`)
) ENGINE=InnoDB AUTO_INCREMENT=101 DEFAULT CHARSET=utf8 COLLATE=utf8_unicode_ci;

INSERT INTO `messages` (`id`, `from_user_id`, `to_user_id`, `body`, `is_important`, `is_delivered`, `created_at`) VALUES (1, 100, 77, 'Dolorem ut voluptas aperiam eos rerum. Officiis ratione qui sint nemo velit inventore temporibus reprehenderit. Nostrum commodi nulla corporis quis omnis maxime.', 1, 1, '2001-08-19 11:58:24');
INSERT INTO `messages` (`id`, `from_user_id`, `to_user_id`, `body`, `is_important`, `is_delivered`, `created_at`) VALUES (2, 25, 85, 'Illum sunt autem temporibus corrupti et rerum placeat. Voluptatem nobis quis esse nihil odit rerum. Est voluptas placeat ab atque laudantium. Eligendi doloribus nam harum ut temporibus. Illum eum soluta perspiciatis sapiente voluptatem accusantium sunt.', 0, 1, '1983-08-18 14:12:55');
INSERT INTO `messages` (`id`, `from_user_id`, `to_user_id`, `body`, `is_important`, `is_delivered`, `created_at`) VALUES (3, 41, 1, 'Saepe rem incidunt ipsam dolorem. Dolorem facilis voluptas quod exercitationem sit fuga. Perspiciatis in consequatur delectus eveniet.', 0, 1, '2019-08-11 02:48:15');
INSERT INTO `messages` (`id`, `from_user_id`, `to_user_id`, `body`, `is_important`, `is_delivered`, `created_at`) VALUES (4, 65, 45, 'Est est aperiam voluptates consequatur. Non suscipit omnis voluptas accusantium fugiat. Quisquam provident repellat iure sed ipsum ipsum a tempore.', 0, 0, '1980-05-11 09:59:34');
INSERT INTO `messages` (`id`, `from_user_id`, `to_user_id`, `body`, `is_important`, `is_delivered`, `created_at`) VALUES (5, 30, 20, 'Tempora sit atque iste sed facilis. Enim dolor et quia magnam sint vero rem. Voluptatem ducimus quaerat unde ab iure et molestias consequatur. Libero totam voluptatem cumque ea culpa maxime dicta.', 0, 0, '1979-08-23 15:41:10');
INSERT INTO `messages` (`id`, `from_user_id`, `to_user_id`, `body`, `is_important`, `is_delivered`, `created_at`) VALUES (6, 44, 44, 'Ratione nihil eaque esse quasi eligendi. Repellendus sit autem doloremque est dolorem quis. Quidem a aliquam doloribus id similique et. Rerum iste aliquam error vel. Est cum asperiores sunt iure quos aut.', 1, 0, '1975-12-18 17:05:48');
INSERT INTO `messages` (`id`, `from_user_id`, `to_user_id`, `body`, `is_important`, `is_delivered`, `created_at`) VALUES (7, 60, 86, 'Velit debitis veritatis consectetur voluptas eum. Tempora dolorem quidem nobis et unde neque mollitia. Nemo asperiores quae rerum. Aspernatur soluta magni consequatur quia et et sequi.', 1, 0, '1990-09-03 05:12:50');
INSERT INTO `messages` (`id`, `from_user_id`, `to_user_id`, `body`, `is_important`, `is_delivered`, `created_at`) VALUES (8, 79, 2, 'Quasi quia distinctio modi molestiae sit. Molestias et accusantium soluta quo doloremque doloribus. Aut reiciendis est iure distinctio explicabo necessitatibus. Et earum quasi ex suscipit quos.', 1, 1, '1996-10-05 11:20:57');
INSERT INTO `messages` (`id`, `from_user_id`, `to_user_id`, `body`, `is_important`, `is_delivered`, `created_at`) VALUES (9, 60, 54, 'Dignissimos autem nulla ea adipisci quaerat. Dicta ut labore tempore assumenda omnis qui commodi est. Fuga sequi accusamus natus cupiditate consequatur. Expedita aut nesciunt et eaque cumque. Tempora neque vitae enim ut sit.', 0, 0, '1972-07-25 23:39:42');
INSERT INTO `messages` (`id`, `from_user_id`, `to_user_id`, `body`, `is_important`, `is_delivered`, `created_at`) VALUES (10, 90, 15, 'Ab repellendus sed iusto odit qui in ullam. Ut et temporibus sunt dolorum quasi omnis non et. Non ut consequuntur consequatur omnis dolorum. Et sed sint inventore tempore consequatur. Voluptate voluptatum autem aut et molestias rerum.', 1, 0, '1992-03-13 06:34:56');
INSERT INTO `messages` (`id`, `from_user_id`, `to_user_id`, `body`, `is_important`, `is_delivered`, `created_at`) VALUES (11, 78, 24, 'Et officiis voluptatem qui exercitationem explicabo consequuntur eius. Quisquam tempora magnam aut iusto et voluptatem.', 0, 0, '1978-10-30 03:06:47');
INSERT INTO `messages` (`id`, `from_user_id`, `to_user_id`, `body`, `is_important`, `is_delivered`, `created_at`) VALUES (12, 47, 67, 'Itaque provident ut error vero. Animi sed qui doloribus recusandae perferendis recusandae. Veniam magnam quia atque ratione autem.', 0, 1, '1981-11-29 17:20:30');
INSERT INTO `messages` (`id`, `from_user_id`, `to_user_id`, `body`, `is_important`, `is_delivered`, `created_at`) VALUES (13, 3, 59, 'Sunt voluptas officiis adipisci atque. Similique dicta aperiam quo in. Alias et nihil neque autem placeat quas sunt.', 1, 0, '1971-02-26 17:07:42');
INSERT INTO `messages` (`id`, `from_user_id`, `to_user_id`, `body`, `is_important`, `is_delivered`, `created_at`) VALUES (14, 48, 18, 'Aut quibusdam est eligendi ea corporis unde ipsum. Cupiditate qui nihil dolores reprehenderit voluptatem amet. Officiis accusamus nisi unde perspiciatis qui. Mollitia molestiae tempore alias est facere dolores. Minus in consequuntur eius et mollitia ut autem.', 0, 0, '1973-07-07 13:29:24');
INSERT INTO `messages` (`id`, `from_user_id`, `to_user_id`, `body`, `is_important`, `is_delivered`, `created_at`) VALUES (15, 94, 63, 'Rerum voluptatum magni a. Amet sapiente animi inventore ut ea harum.', 1, 0, '1977-03-09 07:16:34');
INSERT INTO `messages` (`id`, `from_user_id`, `to_user_id`, `body`, `is_important`, `is_delivered`, `created_at`) VALUES (16, 97, 94, 'Dignissimos eos voluptas ut illo facilis qui. Alias voluptas id beatae quo neque aliquam. Incidunt et optio eos quos sit eum. Esse quam ut consequatur qui iste qui.', 1, 1, '2001-03-25 05:05:55');
INSERT INTO `messages` (`id`, `from_user_id`, `to_user_id`, `body`, `is_important`, `is_delivered`, `created_at`) VALUES (17, 39, 22, 'Dolorem unde excepturi non vel culpa velit provident. Amet aut quam ipsam amet voluptas quas laboriosam. Et impedit voluptas quo velit asperiores quisquam.', 1, 0, '1971-11-18 10:14:07');
INSERT INTO `messages` (`id`, `from_user_id`, `to_user_id`, `body`, `is_important`, `is_delivered`, `created_at`) VALUES (18, 79, 80, 'Consequatur laudantium provident nesciunt repellat omnis. Similique ducimus accusamus labore et accusantium sit qui. Quaerat maiores dolorem ipsum similique dolor.', 0, 1, '2010-05-25 04:14:22');
INSERT INTO `messages` (`id`, `from_user_id`, `to_user_id`, `body`, `is_important`, `is_delivered`, `created_at`) VALUES (19, 22, 44, 'Exercitationem error rem animi iure natus et. Ullam voluptatem nihil aperiam. A ut totam quia qui ut autem. Velit excepturi ipsam perspiciatis praesentium dolores molestiae aliquid.', 0, 1, '2015-07-01 03:15:50');
INSERT INTO `messages` (`id`, `from_user_id`, `to_user_id`, `body`, `is_important`, `is_delivered`, `created_at`) VALUES (20, 25, 52, 'Nobis in est asperiores beatae. Quas incidunt molestias ut esse. Saepe pariatur illum sint illum reiciendis adipisci.', 0, 1, '2009-02-14 02:55:51');
INSERT INTO `messages` (`id`, `from_user_id`, `to_user_id`, `body`, `is_important`, `is_delivered`, `created_at`) VALUES (21, 63, 68, 'Voluptatum rem error exercitationem omnis quo. Nihil praesentium optio ea asperiores. Maxime totam ut impedit saepe consequatur sed. Et rerum molestiae sint voluptas omnis quia.', 1, 1, '2000-08-06 18:42:07');
INSERT INTO `messages` (`id`, `from_user_id`, `to_user_id`, `body`, `is_important`, `is_delivered`, `created_at`) VALUES (22, 96, 22, 'Nemo aut repellat consequuntur. Cumque id quisquam porro velit dolorum. Optio dolor aliquid delectus eligendi et.', 1, 0, '2017-03-10 20:12:55');
INSERT INTO `messages` (`id`, `from_user_id`, `to_user_id`, `body`, `is_important`, `is_delivered`, `created_at`) VALUES (23, 53, 74, 'Dolores quidem aut voluptatem quasi consequatur iusto. Aut necessitatibus quas laborum excepturi. Et non tempore qui pariatur earum. Porro omnis qui dolorum atque harum omnis molestiae.', 0, 1, '2013-09-23 03:27:28');
INSERT INTO `messages` (`id`, `from_user_id`, `to_user_id`, `body`, `is_important`, `is_delivered`, `created_at`) VALUES (24, 24, 12, 'Voluptatem nesciunt modi praesentium dolore. Et aut doloribus voluptatem perferendis voluptas mollitia officia tenetur. Voluptates aut possimus nesciunt ut impedit adipisci minima.', 0, 0, '1992-06-19 04:20:06');
INSERT INTO `messages` (`id`, `from_user_id`, `to_user_id`, `body`, `is_important`, `is_delivered`, `created_at`) VALUES (25, 27, 13, 'Quibusdam quo et minus nam. Quae iusto veritatis exercitationem et quisquam laborum suscipit. Esse ut odit sit. Voluptas cumque consequuntur quia deleniti.', 0, 0, '1992-02-15 05:53:54');
INSERT INTO `messages` (`id`, `from_user_id`, `to_user_id`, `body`, `is_important`, `is_delivered`, `created_at`) VALUES (26, 27, 5, 'At quam sequi officiis ipsa quia aliquid in. Id sed officiis nostrum et. Voluptas illo aut non perspiciatis perferendis rem. Voluptatum minima aut eius at.', 1, 1, '1988-10-01 08:45:32');
INSERT INTO `messages` (`id`, `from_user_id`, `to_user_id`, `body`, `is_important`, `is_delivered`, `created_at`) VALUES (27, 37, 73, 'Enim aut quia nemo impedit. Voluptate sequi explicabo consequuntur voluptate placeat. Magnam aut consequuntur et est esse eos ut. Perferendis sit necessitatibus veritatis ipsa voluptas maiores.', 0, 0, '1978-08-31 05:56:30');
INSERT INTO `messages` (`id`, `from_user_id`, `to_user_id`, `body`, `is_important`, `is_delivered`, `created_at`) VALUES (28, 71, 40, 'Corporis sint non ut voluptatem. Laboriosam maxime voluptate vel nisi non aliquam labore aut. Veniam dolore ea ut neque cum. A minus molestiae voluptatem atque eaque.', 0, 0, '1982-06-03 08:41:39');
INSERT INTO `messages` (`id`, `from_user_id`, `to_user_id`, `body`, `is_important`, `is_delivered`, `created_at`) VALUES (29, 32, 19, 'Voluptate expedita soluta quidem aut perferendis. Maiores quia consectetur ipsa sunt necessitatibus. Consectetur voluptate nihil esse quae dolores omnis rerum dolore.', 0, 0, '1976-09-21 11:11:25');
INSERT INTO `messages` (`id`, `from_user_id`, `to_user_id`, `body`, `is_important`, `is_delivered`, `created_at`) VALUES (30, 58, 26, 'Aut rerum ut porro id. Quisquam sint iusto reiciendis et iusto et. Omnis id libero architecto voluptatem ad dicta. Nemo dolore ipsum rerum consequuntur consequuntur ea rerum.', 0, 1, '2014-05-23 09:20:51');
INSERT INTO `messages` (`id`, `from_user_id`, `to_user_id`, `body`, `is_important`, `is_delivered`, `created_at`) VALUES (31, 81, 54, 'Totam occaecati ut pariatur voluptas. Minima sed fugit non totam magni delectus quia. Saepe quis iure aliquam facere aut itaque.', 0, 0, '2014-12-06 02:54:30');
INSERT INTO `messages` (`id`, `from_user_id`, `to_user_id`, `body`, `is_important`, `is_delivered`, `created_at`) VALUES (32, 20, 19, 'Libero dolores tempore numquam nam sequi et quae. Beatae occaecati ut similique quod. Alias ut alias totam vitae doloribus et nobis.', 0, 0, '2005-08-05 03:53:55');
INSERT INTO `messages` (`id`, `from_user_id`, `to_user_id`, `body`, `is_important`, `is_delivered`, `created_at`) VALUES (33, 76, 99, 'Magnam commodi cum rem accusamus et dolore doloremque consectetur. Debitis omnis culpa dolorem temporibus explicabo nemo.', 0, 1, '1999-10-19 15:39:27');
INSERT INTO `messages` (`id`, `from_user_id`, `to_user_id`, `body`, `is_important`, `is_delivered`, `created_at`) VALUES (34, 99, 97, 'Et illum consectetur perferendis quae sapiente id. Placeat consequuntur cupiditate quod sit consequatur molestias sit. Asperiores et et delectus aut. Ut deserunt ut aut. Sit nostrum eius quis itaque sit accusantium alias.', 1, 0, '2003-02-07 07:11:15');
INSERT INTO `messages` (`id`, `from_user_id`, `to_user_id`, `body`, `is_important`, `is_delivered`, `created_at`) VALUES (35, 42, 23, 'Est molestiae fugit cumque exercitationem similique molestiae rerum ratione. Fugiat recusandae aut molestias alias. Eius ad fugit debitis magni. Consectetur ratione cupiditate consequatur atque facere adipisci optio.', 1, 0, '2013-12-31 09:14:51');
INSERT INTO `messages` (`id`, `from_user_id`, `to_user_id`, `body`, `is_important`, `is_delivered`, `created_at`) VALUES (36, 49, 4, 'Est nemo fugiat eos sint repellendus. Sit ratione maxime reprehenderit neque excepturi commodi enim. Tempore recusandae aliquam reiciendis minima numquam in.', 1, 0, '1977-04-19 02:45:30');
INSERT INTO `messages` (`id`, `from_user_id`, `to_user_id`, `body`, `is_important`, `is_delivered`, `created_at`) VALUES (37, 90, 44, 'Enim magni molestiae et ratione repudiandae id. Est veniam in inventore numquam alias ut voluptate. Pariatur magnam est quae. Eveniet repudiandae cumque eos.', 1, 0, '1979-01-05 21:34:14');
INSERT INTO `messages` (`id`, `from_user_id`, `to_user_id`, `body`, `is_important`, `is_delivered`, `created_at`) VALUES (38, 26, 43, 'Consequuntur nobis rerum quo explicabo qui. Distinctio perspiciatis molestias libero impedit eaque aperiam sapiente. Asperiores ratione dolorum et ut. Expedita autem expedita sit reprehenderit.', 0, 1, '1995-02-17 08:23:57');
INSERT INTO `messages` (`id`, `from_user_id`, `to_user_id`, `body`, `is_important`, `is_delivered`, `created_at`) VALUES (39, 17, 49, 'Aspernatur aut maiores qui quis. Consectetur nisi ut ut tempora accusantium sit. Dolorem neque ratione fugit ut ut. Illum maiores rerum recusandae quis sit nisi neque voluptates.', 1, 0, '1985-11-23 14:50:17');
INSERT INTO `messages` (`id`, `from_user_id`, `to_user_id`, `body`, `is_important`, `is_delivered`, `created_at`) VALUES (40, 55, 44, 'Quibusdam qui commodi quam explicabo corporis pariatur sint. Animi excepturi est consequuntur id totam recusandae impedit quam. Distinctio ut ut corrupti eum perspiciatis animi qui. Nemo aliquid id in officia excepturi.', 0, 0, '1981-09-04 23:44:01');
INSERT INTO `messages` (`id`, `from_user_id`, `to_user_id`, `body`, `is_important`, `is_delivered`, `created_at`) VALUES (41, 62, 81, 'Dolores est aut nihil fuga commodi. Laboriosam soluta omnis autem soluta ut distinctio dolorum amet. Natus rerum ea aut consectetur quidem ipsum molestias.', 0, 1, '2016-03-01 01:16:58');
INSERT INTO `messages` (`id`, `from_user_id`, `to_user_id`, `body`, `is_important`, `is_delivered`, `created_at`) VALUES (42, 49, 99, 'Ipsam consequatur eos earum quia. Officia expedita quam labore cupiditate. Blanditiis sed consequatur ut. Et magnam ea pariatur impedit.', 1, 0, '1973-09-29 06:06:52');
INSERT INTO `messages` (`id`, `from_user_id`, `to_user_id`, `body`, `is_important`, `is_delivered`, `created_at`) VALUES (43, 54, 19, 'Commodi totam quis sunt commodi sunt. Corrupti ut temporibus doloribus error consequatur est.', 1, 0, '1976-11-17 23:48:01');
INSERT INTO `messages` (`id`, `from_user_id`, `to_user_id`, `body`, `is_important`, `is_delivered`, `created_at`) VALUES (44, 38, 85, 'Voluptate ex ea ut ipsum quo eos iste. Ipsa tempore aut totam est dolorem. Voluptas ab pariatur architecto et. Velit hic et magni ducimus placeat eos dolores cum.', 0, 0, '1994-12-20 02:31:56');
INSERT INTO `messages` (`id`, `from_user_id`, `to_user_id`, `body`, `is_important`, `is_delivered`, `created_at`) VALUES (45, 37, 95, 'Nesciunt nesciunt inventore non suscipit soluta quasi adipisci. Repellat velit quia cupiditate quisquam esse consequatur hic architecto. Vitae qui possimus voluptas quam voluptatem. Qui eius officiis voluptatem laudantium nihil.', 1, 1, '2001-10-29 08:09:29');
INSERT INTO `messages` (`id`, `from_user_id`, `to_user_id`, `body`, `is_important`, `is_delivered`, `created_at`) VALUES (46, 11, 18, 'Et dolor qui distinctio fuga praesentium. Ipsa et sint aliquid voluptatibus. Omnis nihil qui soluta molestiae enim fuga corrupti. Quasi eos autem et sint sit.', 0, 1, '1981-01-31 12:03:07');
INSERT INTO `messages` (`id`, `from_user_id`, `to_user_id`, `body`, `is_important`, `is_delivered`, `created_at`) VALUES (47, 49, 30, 'Aut enim voluptas placeat ipsum reiciendis ducimus. Nesciunt ut et dolores veritatis iste. Natus facilis culpa laborum aut. Nam labore dolorum porro impedit.', 0, 0, '2008-02-05 09:22:29');
INSERT INTO `messages` (`id`, `from_user_id`, `to_user_id`, `body`, `is_important`, `is_delivered`, `created_at`) VALUES (48, 36, 24, 'Dolorem sit similique unde beatae expedita. Recusandae excepturi distinctio in magni non optio. Sunt perferendis cum ab molestias enim.', 0, 1, '2012-01-09 01:43:05');
INSERT INTO `messages` (`id`, `from_user_id`, `to_user_id`, `body`, `is_important`, `is_delivered`, `created_at`) VALUES (49, 28, 34, 'Amet aut quis similique deleniti. Tenetur fugit quia nisi ex non dolor.', 0, 0, '2015-12-29 23:48:15');
INSERT INTO `messages` (`id`, `from_user_id`, `to_user_id`, `body`, `is_important`, `is_delivered`, `created_at`) VALUES (50, 21, 69, 'Amet modi quis debitis excepturi. Explicabo iure eos aut amet. Sunt soluta ratione est. Voluptate debitis sed cum nihil sint et.', 1, 0, '1985-08-12 23:38:35');
INSERT INTO `messages` (`id`, `from_user_id`, `to_user_id`, `body`, `is_important`, `is_delivered`, `created_at`) VALUES (51, 57, 69, 'Qui amet nostrum quia assumenda. Illum sunt dolorem nihil incidunt dolores mollitia perferendis. Omnis autem ad animi ex odit qui eveniet.', 0, 0, '1992-03-14 07:22:52');
INSERT INTO `messages` (`id`, `from_user_id`, `to_user_id`, `body`, `is_important`, `is_delivered`, `created_at`) VALUES (52, 73, 47, 'Velit inventore dolorum velit consequatur asperiores. Ducimus enim veniam tempore aut. Eligendi repudiandae iure et possimus.', 1, 0, '2005-03-01 19:11:09');
INSERT INTO `messages` (`id`, `from_user_id`, `to_user_id`, `body`, `is_important`, `is_delivered`, `created_at`) VALUES (53, 12, 99, 'Ut asperiores vel pariatur sunt est nihil vel. Voluptatum possimus sed velit id laboriosam doloremque provident. Enim et facere unde reprehenderit placeat neque sunt.', 0, 1, '1987-10-29 06:26:59');
INSERT INTO `messages` (`id`, `from_user_id`, `to_user_id`, `body`, `is_important`, `is_delivered`, `created_at`) VALUES (54, 89, 29, 'Itaque rerum doloribus nemo cum. Ut molestias inventore dolor facilis. Aut ut voluptatum consectetur distinctio.', 0, 0, '1972-10-20 21:52:36');
INSERT INTO `messages` (`id`, `from_user_id`, `to_user_id`, `body`, `is_important`, `is_delivered`, `created_at`) VALUES (55, 47, 43, 'Placeat blanditiis quibusdam minima modi voluptas. Ipsam sit voluptatem repellendus quam. Sed similique explicabo culpa earum aut veritatis repellat.', 0, 0, '2001-04-29 04:01:56');
INSERT INTO `messages` (`id`, `from_user_id`, `to_user_id`, `body`, `is_important`, `is_delivered`, `created_at`) VALUES (56, 73, 9, 'Quo est deleniti quae. Velit tempora eos facilis labore quo culpa et assumenda. Architecto dolor vel eveniet. Vel ex esse sit nostrum.', 0, 0, '1992-07-23 21:34:03');
INSERT INTO `messages` (`id`, `from_user_id`, `to_user_id`, `body`, `is_important`, `is_delivered`, `created_at`) VALUES (57, 24, 21, 'Error dolore quidem libero fugiat molestiae quia placeat non. Voluptatem doloremque maiores eos. Vel ut deleniti consequatur molestiae voluptate.', 1, 0, '1970-11-04 17:07:15');
INSERT INTO `messages` (`id`, `from_user_id`, `to_user_id`, `body`, `is_important`, `is_delivered`, `created_at`) VALUES (58, 7, 77, 'Eveniet quia voluptatum aut ea aperiam nisi veritatis. Et sit perspiciatis mollitia sit perferendis cupiditate. Debitis dignissimos vel aspernatur dolorem perspiciatis voluptatem ipsam. Incidunt animi sequi neque dolorum occaecati quasi ullam.', 0, 1, '1996-01-06 14:25:47');
INSERT INTO `messages` (`id`, `from_user_id`, `to_user_id`, `body`, `is_important`, `is_delivered`, `created_at`) VALUES (59, 40, 45, 'Suscipit dicta occaecati accusamus distinctio. Ex error accusantium eveniet. Quod magni ut quis ut magnam tenetur dolores.', 1, 0, '1978-05-27 14:50:26');
INSERT INTO `messages` (`id`, `from_user_id`, `to_user_id`, `body`, `is_important`, `is_delivered`, `created_at`) VALUES (60, 62, 77, 'Qui a suscipit maxime doloremque voluptatibus voluptas soluta ratione. Aut et quia amet alias numquam ad. Voluptas quae dolorem itaque facere ex.', 1, 1, '1996-01-14 18:41:51');
INSERT INTO `messages` (`id`, `from_user_id`, `to_user_id`, `body`, `is_important`, `is_delivered`, `created_at`) VALUES (61, 39, 72, 'At necessitatibus architecto neque consequatur. In ut error pariatur et et mollitia voluptatibus. Cupiditate modi hic illum.', 1, 1, '2014-08-12 19:27:18');
INSERT INTO `messages` (`id`, `from_user_id`, `to_user_id`, `body`, `is_important`, `is_delivered`, `created_at`) VALUES (62, 94, 87, 'Quo ex sunt aut. Est qui beatae repudiandae eveniet quo repudiandae. Tempore voluptatem et numquam esse architecto.', 0, 0, '1987-04-15 07:12:44');
INSERT INTO `messages` (`id`, `from_user_id`, `to_user_id`, `body`, `is_important`, `is_delivered`, `created_at`) VALUES (63, 1, 30, 'Nemo in dolores soluta accusantium. Ad sunt sapiente blanditiis dolor nihil optio. Perspiciatis iure voluptas explicabo.', 1, 1, '2019-06-14 07:18:11');
INSERT INTO `messages` (`id`, `from_user_id`, `to_user_id`, `body`, `is_important`, `is_delivered`, `created_at`) VALUES (64, 10, 29, 'Libero sit natus voluptatem assumenda doloribus possimus. Aut neque nulla eius sapiente nemo voluptas. Placeat esse adipisci dolorem enim maxime dolore. Hic expedita enim non laboriosam delectus fugiat.', 0, 0, '2008-09-29 13:10:15');
INSERT INTO `messages` (`id`, `from_user_id`, `to_user_id`, `body`, `is_important`, `is_delivered`, `created_at`) VALUES (65, 64, 31, 'Esse mollitia ducimus molestiae ex consequuntur. Molestiae nihil itaque ea aut et. Occaecati rerum et in accusamus nobis et consequuntur. Ea quia a id tempore atque officiis.', 0, 0, '2010-06-24 21:22:20');
INSERT INTO `messages` (`id`, `from_user_id`, `to_user_id`, `body`, `is_important`, `is_delivered`, `created_at`) VALUES (66, 97, 20, 'Veniam doloremque porro adipisci nobis. Assumenda cum ut dicta sint architecto maxime in animi. Sunt molestiae rerum explicabo. Neque praesentium vel labore ea nostrum accusantium. Ad reprehenderit odit earum facere nesciunt.', 0, 0, '1990-12-03 20:01:38');
INSERT INTO `messages` (`id`, `from_user_id`, `to_user_id`, `body`, `is_important`, `is_delivered`, `created_at`) VALUES (67, 99, 70, 'Veniam eligendi quod debitis ut aperiam incidunt. Labore ut voluptas praesentium perferendis aut ut totam. Autem sit aut deleniti. Praesentium et quis aut non corporis.', 0, 0, '2018-08-15 17:56:44');
INSERT INTO `messages` (`id`, `from_user_id`, `to_user_id`, `body`, `is_important`, `is_delivered`, `created_at`) VALUES (68, 66, 11, 'Amet aut necessitatibus voluptatem voluptas hic quas. Vel sequi quia dolore sed velit odit ad mollitia. Illo doloremque vel eaque rem est.', 1, 0, '2013-10-18 08:38:37');
INSERT INTO `messages` (`id`, `from_user_id`, `to_user_id`, `body`, `is_important`, `is_delivered`, `created_at`) VALUES (69, 68, 55, 'Possimus dolorem autem amet sit qui dolorem nobis. Minima veritatis qui porro quis dolor. Nemo possimus nulla fugit ullam quam laudantium tempore. Nemo modi magni laborum autem aut ex sint.', 0, 0, '2000-02-06 08:02:01');
INSERT INTO `messages` (`id`, `from_user_id`, `to_user_id`, `body`, `is_important`, `is_delivered`, `created_at`) VALUES (70, 40, 15, 'Est placeat eos quia et minima veniam autem. Commodi ad ea nemo officia qui magni saepe. Est odit recusandae nam quaerat. Praesentium consequatur laudantium nostrum nostrum et. Itaque ut nam consequatur.', 0, 0, '2018-11-15 19:27:32');
INSERT INTO `messages` (`id`, `from_user_id`, `to_user_id`, `body`, `is_important`, `is_delivered`, `created_at`) VALUES (71, 98, 13, 'Consectetur sed est ex qui. In nisi hic maxime fugiat. Et nobis aut aspernatur ut. Perferendis modi quisquam sit dolorum magni deserunt.', 1, 1, '2013-09-26 01:07:08');
INSERT INTO `messages` (`id`, `from_user_id`, `to_user_id`, `body`, `is_important`, `is_delivered`, `created_at`) VALUES (72, 23, 21, 'Aut voluptas est id ullam enim sequi velit. Culpa nostrum iure sed in. Tenetur velit autem iure ipsum. Placeat eum fugiat dolor corporis reiciendis.', 0, 1, '1985-08-05 00:21:13');
INSERT INTO `messages` (`id`, `from_user_id`, `to_user_id`, `body`, `is_important`, `is_delivered`, `created_at`) VALUES (73, 34, 30, 'Eius quos sapiente ipsa necessitatibus. Odit occaecati quidem est blanditiis. Eligendi ad iste similique qui adipisci voluptatem.', 0, 0, '2000-10-29 03:56:38');
INSERT INTO `messages` (`id`, `from_user_id`, `to_user_id`, `body`, `is_important`, `is_delivered`, `created_at`) VALUES (74, 97, 73, 'Nihil delectus et in unde cum sint aut. Praesentium perferendis cupiditate atque. Illum et sapiente similique eligendi voluptatibus. Molestiae at hic enim molestias nemo.', 1, 1, '1985-03-25 03:47:10');
INSERT INTO `messages` (`id`, `from_user_id`, `to_user_id`, `body`, `is_important`, `is_delivered`, `created_at`) VALUES (75, 74, 59, 'Facilis perspiciatis nam incidunt. Velit dolor quisquam doloremque quas aut deleniti. Illum amet consectetur quo velit nisi ut sed totam.', 0, 1, '1984-01-21 17:51:11');
INSERT INTO `messages` (`id`, `from_user_id`, `to_user_id`, `body`, `is_important`, `is_delivered`, `created_at`) VALUES (76, 50, 13, 'Voluptas dicta quia nisi voluptas quod voluptatibus. Commodi quidem officia provident cum sapiente odio occaecati. Sint cum similique eum ut minima non id. Aut eaque aut voluptatum neque recusandae non eos.', 1, 0, '2005-01-24 06:01:49');
INSERT INTO `messages` (`id`, `from_user_id`, `to_user_id`, `body`, `is_important`, `is_delivered`, `created_at`) VALUES (77, 30, 43, 'Incidunt fugit eaque iste asperiores sit vel deleniti. Animi sed id quia incidunt. In qui eum voluptatibus. Velit alias aspernatur error doloremque omnis commodi.', 1, 0, '2018-05-31 02:10:50');
INSERT INTO `messages` (`id`, `from_user_id`, `to_user_id`, `body`, `is_important`, `is_delivered`, `created_at`) VALUES (78, 100, 31, 'Unde vero rerum aut et. Et voluptatem tempora et commodi aspernatur. Eaque et minus recusandae veritatis aliquam asperiores.', 1, 0, '1999-02-12 01:04:56');
INSERT INTO `messages` (`id`, `from_user_id`, `to_user_id`, `body`, `is_important`, `is_delivered`, `created_at`) VALUES (79, 73, 10, 'Consequatur consequatur qui aut et ad quis. Eveniet nobis minima dolor vitae reiciendis omnis. Nisi id et unde suscipit quidem corrupti iusto vel.', 1, 1, '2006-12-28 20:41:11');
INSERT INTO `messages` (`id`, `from_user_id`, `to_user_id`, `body`, `is_important`, `is_delivered`, `created_at`) VALUES (80, 59, 36, 'Eos quidem natus architecto et delectus qui saepe. Deserunt quam suscipit quod porro iusto. Est voluptate omnis id id. Et recusandae quo ipsam voluptas fugiat ut.', 1, 0, '2013-07-19 15:56:46');
INSERT INTO `messages` (`id`, `from_user_id`, `to_user_id`, `body`, `is_important`, `is_delivered`, `created_at`) VALUES (81, 40, 55, 'Voluptatem suscipit quibusdam assumenda voluptatem consequatur et. Et vel libero et quo perspiciatis. Nisi aut fugit rem nesciunt voluptatem eos perspiciatis eos. Quia ut iure voluptatibus.', 1, 1, '1997-03-20 10:45:19');
INSERT INTO `messages` (`id`, `from_user_id`, `to_user_id`, `body`, `is_important`, `is_delivered`, `created_at`) VALUES (82, 56, 38, 'Quidem nihil voluptates qui qui rerum. Ut et ipsa iure nesciunt quia est. Rerum et tempora magni voluptatem officia ullam exercitationem dolor. Totam illum necessitatibus at sit velit et nobis.', 1, 1, '2011-07-13 07:10:12');
INSERT INTO `messages` (`id`, `from_user_id`, `to_user_id`, `body`, `is_important`, `is_delivered`, `created_at`) VALUES (83, 24, 22, 'Dolorum et id debitis veniam. Repudiandae perferendis nobis debitis culpa. Blanditiis perferendis labore maiores mollitia repudiandae.', 1, 0, '1991-05-07 15:23:18');
INSERT INTO `messages` (`id`, `from_user_id`, `to_user_id`, `body`, `is_important`, `is_delivered`, `created_at`) VALUES (84, 48, 92, 'Omnis itaque quaerat aut voluptatem odio. Soluta quaerat ut ad voluptatum veritatis atque. Perferendis reprehenderit in molestiae odio totam ipsa et.', 1, 1, '1977-06-13 23:22:51');
INSERT INTO `messages` (`id`, `from_user_id`, `to_user_id`, `body`, `is_important`, `is_delivered`, `created_at`) VALUES (85, 76, 88, 'Repudiandae veritatis vel et quod. Eos et eum nam ut qui minus est. Ducimus ut fugit minus a qui ipsa. Et neque temporibus sint est distinctio.', 1, 1, '1984-05-25 08:30:39');
INSERT INTO `messages` (`id`, `from_user_id`, `to_user_id`, `body`, `is_important`, `is_delivered`, `created_at`) VALUES (86, 6, 73, 'Aperiam provident vero aliquam dignissimos. Occaecati ex aliquam ut incidunt. Distinctio facilis officia consectetur consectetur accusantium sed nihil. Et corrupti libero veritatis porro iure exercitationem quod.', 0, 0, '1990-03-14 15:37:21');
INSERT INTO `messages` (`id`, `from_user_id`, `to_user_id`, `body`, `is_important`, `is_delivered`, `created_at`) VALUES (87, 100, 28, 'Vitae enim enim sunt. Et sit ipsa autem quibusdam. Modi delectus possimus illo consequatur eligendi facere.', 1, 1, '1983-10-03 03:02:13');
INSERT INTO `messages` (`id`, `from_user_id`, `to_user_id`, `body`, `is_important`, `is_delivered`, `created_at`) VALUES (88, 93, 33, 'Neque culpa quia quas ut aliquam iste fugiat in. Ut non voluptas maxime voluptates sunt rem quis magnam. Illum deserunt omnis accusamus aut non similique. Natus commodi similique rerum ea et perferendis.', 1, 0, '1982-07-14 10:46:57');
INSERT INTO `messages` (`id`, `from_user_id`, `to_user_id`, `body`, `is_important`, `is_delivered`, `created_at`) VALUES (89, 58, 90, 'Omnis corrupti et aut et nisi vero. Eos atque tempore nostrum quibusdam id harum nam. Doloremque vel ut quos. Ut quo autem exercitationem accusamus dignissimos dolorum saepe quis.', 1, 1, '1982-08-03 13:55:04');
INSERT INTO `messages` (`id`, `from_user_id`, `to_user_id`, `body`, `is_important`, `is_delivered`, `created_at`) VALUES (90, 6, 32, 'Non odio dolorum reprehenderit molestiae ducimus et ex iure. Vel sed autem nam recusandae impedit. Quidem quis beatae sunt voluptatem quod. Quod et aut sapiente aut sit ipsa repellat fugiat.', 1, 1, '2015-10-25 06:52:53');
INSERT INTO `messages` (`id`, `from_user_id`, `to_user_id`, `body`, `is_important`, `is_delivered`, `created_at`) VALUES (91, 48, 55, 'Laborum ullam voluptatum incidunt nisi beatae libero. Eum sit et nulla ipsa ut. Voluptatem doloribus modi quis ad. Aut sit et deserunt placeat unde cupiditate.', 0, 1, '1978-06-13 06:19:46');
INSERT INTO `messages` (`id`, `from_user_id`, `to_user_id`, `body`, `is_important`, `is_delivered`, `created_at`) VALUES (92, 44, 78, 'Earum in placeat accusamus accusamus id voluptatibus. Qui eum tempore non iste sed.', 0, 0, '1970-12-19 03:12:16');
INSERT INTO `messages` (`id`, `from_user_id`, `to_user_id`, `body`, `is_important`, `is_delivered`, `created_at`) VALUES (93, 98, 43, 'Ab fugiat facere possimus ad. Consequuntur enim inventore aut fuga qui. Voluptas nihil qui est aut.', 0, 0, '1996-05-22 08:21:19');
INSERT INTO `messages` (`id`, `from_user_id`, `to_user_id`, `body`, `is_important`, `is_delivered`, `created_at`) VALUES (94, 8, 70, 'Ullam qui et est consequatur natus. Ut et et quis itaque officiis omnis.', 1, 0, '2013-07-20 14:37:01');
INSERT INTO `messages` (`id`, `from_user_id`, `to_user_id`, `body`, `is_important`, `is_delivered`, `created_at`) VALUES (95, 53, 66, 'Earum ipsam autem odit occaecati quidem ullam. Corporis fuga aspernatur voluptate quibusdam et asperiores qui. Voluptas et reiciendis ab aut possimus perferendis.', 1, 0, '1972-10-25 01:01:16');
INSERT INTO `messages` (`id`, `from_user_id`, `to_user_id`, `body`, `is_important`, `is_delivered`, `created_at`) VALUES (96, 6, 92, 'Deserunt commodi amet temporibus hic dolorum porro labore et. Quia eaque corporis qui sint aut adipisci similique. Et deserunt id aut. Quidem aut excepturi accusantium magnam aut. Aut id in ea modi quia quasi ab.', 1, 1, '2011-07-29 11:22:05');
INSERT INTO `messages` (`id`, `from_user_id`, `to_user_id`, `body`, `is_important`, `is_delivered`, `created_at`) VALUES (97, 21, 61, 'Esse rerum inventore recusandae asperiores. Consequuntur ea est nihil nostrum in non veritatis velit. Reiciendis dolores et quasi quisquam minima aut deleniti.', 1, 1, '2002-04-18 12:58:00');
INSERT INTO `messages` (`id`, `from_user_id`, `to_user_id`, `body`, `is_important`, `is_delivered`, `created_at`) VALUES (98, 30, 45, 'Amet consectetur cupiditate neque est quia eos. Sed eaque deserunt voluptatem fugiat impedit. Nulla ea in facilis. Et aliquid voluptatum dignissimos voluptatem.', 1, 0, '2003-03-12 17:39:37');
INSERT INTO `messages` (`id`, `from_user_id`, `to_user_id`, `body`, `is_important`, `is_delivered`, `created_at`) VALUES (99, 82, 78, 'Suscipit rerum officiis dolores cum sed consequuntur sunt. Doloremque quia nobis ex aliquid saepe. Aspernatur accusantium ad incidunt deserunt voluptatem. Facilis similique eveniet voluptas accusamus perferendis sunt ut totam.', 1, 0, '2017-08-16 01:29:07');
INSERT INTO `messages` (`id`, `from_user_id`, `to_user_id`, `body`, `is_important`, `is_delivered`, `created_at`) VALUES (100, 36, 57, 'Voluptatibus impedit incidunt blanditiis distinctio consectetur rerum optio. Dignissimos fugit doloremque omnis. Nihil eum eum possimus eligendi explicabo. Dignissimos aut explicabo quae velit.', 0, 0, '1993-12-22 13:53:56');


#
# TABLE STRUCTURE FOR: profiles
#

DROP TABLE IF EXISTS `profiles`;

CREATE TABLE `profiles` (
  `user_id` int(10) unsigned NOT NULL,
  `gender` char(1) COLLATE utf8_unicode_ci NOT NULL,
  `birthday` date DEFAULT NULL,
  `city` varchar(100) COLLATE utf8_unicode_ci DEFAULT NULL,
  `country` varchar(100) COLLATE utf8_unicode_ci DEFAULT NULL,
  `photo_id` int(10) unsigned NOT NULL,
  `created_at` datetime DEFAULT current_timestamp(),
  `updated_at` datetime DEFAULT current_timestamp() ON UPDATE current_timestamp(),
  PRIMARY KEY (`user_id`)
) ENGINE=InnoDB DEFAULT CHARSET=utf8 COLLATE=utf8_unicode_ci;

INSERT INTO `profiles` (`user_id`, `gender`, `birthday`, `city`, `country`, `photo_id`, `created_at`, `updated_at`) VALUES (1, '', '1999-10-22', 'East Magdalen', '20618188', 1, '1970-07-28 07:26:20', '2012-04-24 02:28:33');
INSERT INTO `profiles` (`user_id`, `gender`, `birthday`, `city`, `country`, `photo_id`, `created_at`, `updated_at`) VALUES (2, '', '2014-09-29', 'New Cruzfort', '', 2, '1982-01-23 08:34:01', '2005-12-14 16:49:47');
INSERT INTO `profiles` (`user_id`, `gender`, `birthday`, `city`, `country`, `photo_id`, `created_at`, `updated_at`) VALUES (3, '', '1986-07-19', 'Effertzmouth', '34602', 3, '2011-02-09 22:27:03', '2000-08-26 05:42:01');
INSERT INTO `profiles` (`user_id`, `gender`, `birthday`, `city`, `country`, `photo_id`, `created_at`, `updated_at`) VALUES (4, '', '1973-06-17', 'North Ashleighchester', '42', 4, '1994-02-18 02:56:23', '1970-12-05 21:17:37');
INSERT INTO `profiles` (`user_id`, `gender`, `birthday`, `city`, `country`, `photo_id`, `created_at`, `updated_at`) VALUES (5, '', '1980-06-22', 'North Gaylechester', '', 5, '2010-05-17 14:38:26', '1996-05-16 17:20:09');
INSERT INTO `profiles` (`user_id`, `gender`, `birthday`, `city`, `country`, `photo_id`, `created_at`, `updated_at`) VALUES (6, '', '2014-12-08', 'Port Jordiland', '976232024', 6, '1999-12-25 01:01:39', '1989-02-12 04:44:00');
INSERT INTO `profiles` (`user_id`, `gender`, `birthday`, `city`, `country`, `photo_id`, `created_at`, `updated_at`) VALUES (7, '', '2006-07-20', 'East Maryam', '874', 7, '1997-08-01 16:25:36', '2004-06-14 10:14:32');
INSERT INTO `profiles` (`user_id`, `gender`, `birthday`, `city`, `country`, `photo_id`, `created_at`, `updated_at`) VALUES (8, '', '1996-03-09', 'Omertown', '2', 8, '1970-04-02 04:22:52', '1998-07-20 14:40:28');
INSERT INTO `profiles` (`user_id`, `gender`, `birthday`, `city`, `country`, `photo_id`, `created_at`, `updated_at`) VALUES (9, '', '1983-08-15', 'New Lucienneburgh', '608306', 9, '1994-02-01 16:53:19', '2013-10-23 21:49:21');
INSERT INTO `profiles` (`user_id`, `gender`, `birthday`, `city`, `country`, `photo_id`, `created_at`, `updated_at`) VALUES (10, '', '1992-11-17', 'East Jordaneburgh', '22', 10, '1986-08-02 16:26:22', '1994-11-25 03:45:24');
INSERT INTO `profiles` (`user_id`, `gender`, `birthday`, `city`, `country`, `photo_id`, `created_at`, `updated_at`) VALUES (11, '', '2004-03-20', 'East Alexie', '5', 11, '1983-09-06 06:21:22', '1987-07-03 06:39:06');
INSERT INTO `profiles` (`user_id`, `gender`, `birthday`, `city`, `country`, `photo_id`, `created_at`, `updated_at`) VALUES (12, '', '1976-09-28', 'Reyesfurt', '59782', 12, '1991-01-21 10:22:58', '1979-12-02 05:57:14');
INSERT INTO `profiles` (`user_id`, `gender`, `birthday`, `city`, `country`, `photo_id`, `created_at`, `updated_at`) VALUES (13, '', '2018-04-27', 'South Ethylborough', '91575138', 13, '2016-07-18 22:01:24', '2000-09-29 14:28:59');
INSERT INTO `profiles` (`user_id`, `gender`, `birthday`, `city`, `country`, `photo_id`, `created_at`, `updated_at`) VALUES (14, '', '1981-08-03', 'South Henriettetown', '4', 14, '1981-10-26 07:40:58', '1996-08-18 03:36:02');
INSERT INTO `profiles` (`user_id`, `gender`, `birthday`, `city`, `country`, `photo_id`, `created_at`, `updated_at`) VALUES (15, '', '2010-04-28', 'East Tia', '77187063', 15, '1978-10-02 07:17:33', '1996-05-18 06:49:50');
INSERT INTO `profiles` (`user_id`, `gender`, `birthday`, `city`, `country`, `photo_id`, `created_at`, `updated_at`) VALUES (16, '', '1998-02-22', 'Mullerborough', '', 16, '2019-04-01 05:04:39', '2010-07-03 02:26:31');
INSERT INTO `profiles` (`user_id`, `gender`, `birthday`, `city`, `country`, `photo_id`, `created_at`, `updated_at`) VALUES (17, '', '1980-11-20', 'West Onachester', '7966', 17, '2018-12-29 03:49:37', '1972-06-08 17:46:10');
INSERT INTO `profiles` (`user_id`, `gender`, `birthday`, `city`, `country`, `photo_id`, `created_at`, `updated_at`) VALUES (18, '', '2004-06-20', 'North Alexanetown', '45', 18, '1973-01-27 07:05:22', '2011-03-13 01:51:16');
INSERT INTO `profiles` (`user_id`, `gender`, `birthday`, `city`, `country`, `photo_id`, `created_at`, `updated_at`) VALUES (19, '', '1982-06-15', 'Skylarland', '664329', 19, '1970-06-15 11:36:56', '2008-02-18 18:40:27');
INSERT INTO `profiles` (`user_id`, `gender`, `birthday`, `city`, `country`, `photo_id`, `created_at`, `updated_at`) VALUES (20, '', '1975-09-28', 'South Raleigh', '', 20, '1978-12-06 09:36:31', '1978-05-24 19:07:16');
INSERT INTO `profiles` (`user_id`, `gender`, `birthday`, `city`, `country`, `photo_id`, `created_at`, `updated_at`) VALUES (21, '', '1998-01-28', 'Ivoryville', '', 21, '2003-04-18 09:09:38', '1979-01-25 11:06:45');
INSERT INTO `profiles` (`user_id`, `gender`, `birthday`, `city`, `country`, `photo_id`, `created_at`, `updated_at`) VALUES (22, '', '1998-05-31', 'Waltonville', '3015', 22, '1972-08-20 10:46:44', '2002-12-15 21:37:53');
INSERT INTO `profiles` (`user_id`, `gender`, `birthday`, `city`, `country`, `photo_id`, `created_at`, `updated_at`) VALUES (23, '', '2010-08-23', 'Casimerside', '8825124', 23, '2005-02-23 05:08:56', '1998-08-16 03:49:41');
INSERT INTO `profiles` (`user_id`, `gender`, `birthday`, `city`, `country`, `photo_id`, `created_at`, `updated_at`) VALUES (24, '', '1975-11-08', 'West Darrionmouth', '88901226', 24, '2011-02-15 19:06:01', '1988-06-26 05:35:31');
INSERT INTO `profiles` (`user_id`, `gender`, `birthday`, `city`, `country`, `photo_id`, `created_at`, `updated_at`) VALUES (25, '', '1978-09-05', 'Kassandrafort', '17725977', 25, '1993-10-02 01:08:18', '2009-07-16 06:52:17');
INSERT INTO `profiles` (`user_id`, `gender`, `birthday`, `city`, `country`, `photo_id`, `created_at`, `updated_at`) VALUES (26, '', '2002-04-18', 'Lake Anita', '26', 26, '1998-08-08 08:27:10', '1996-11-12 01:51:01');
INSERT INTO `profiles` (`user_id`, `gender`, `birthday`, `city`, `country`, `photo_id`, `created_at`, `updated_at`) VALUES (27, '', '1992-03-04', 'North Clementinetown', '41394599', 27, '2007-08-03 06:19:12', '1984-07-06 19:52:14');
INSERT INTO `profiles` (`user_id`, `gender`, `birthday`, `city`, `country`, `photo_id`, `created_at`, `updated_at`) VALUES (28, '', '1970-01-13', 'Grimesbury', '956', 28, '1997-10-21 06:50:39', '1993-07-19 21:03:48');
INSERT INTO `profiles` (`user_id`, `gender`, `birthday`, `city`, `country`, `photo_id`, `created_at`, `updated_at`) VALUES (29, '', '1995-10-28', 'Amychester', '80', 29, '2017-11-05 21:10:38', '1977-03-30 20:44:59');
INSERT INTO `profiles` (`user_id`, `gender`, `birthday`, `city`, `country`, `photo_id`, `created_at`, `updated_at`) VALUES (30, '', '1993-01-30', 'Schusterview', '64118917', 30, '1987-11-01 18:40:31', '2000-03-24 03:25:01');
INSERT INTO `profiles` (`user_id`, `gender`, `birthday`, `city`, `country`, `photo_id`, `created_at`, `updated_at`) VALUES (31, '', '1973-02-08', 'Lillafurt', '', 31, '2001-06-22 20:12:18', '1984-01-28 16:41:42');
INSERT INTO `profiles` (`user_id`, `gender`, `birthday`, `city`, `country`, `photo_id`, `created_at`, `updated_at`) VALUES (32, '', '1987-12-02', 'Marjorieland', '8006580', 32, '1984-08-28 06:42:26', '1987-08-27 17:03:58');
INSERT INTO `profiles` (`user_id`, `gender`, `birthday`, `city`, `country`, `photo_id`, `created_at`, `updated_at`) VALUES (33, '', '2010-11-24', 'Cydneyberg', '64611', 33, '1971-08-27 20:06:33', '1995-10-07 14:29:03');
INSERT INTO `profiles` (`user_id`, `gender`, `birthday`, `city`, `country`, `photo_id`, `created_at`, `updated_at`) VALUES (34, '', '1972-05-08', 'Stantonside', '3093396', 34, '1982-01-28 13:43:16', '1996-07-08 01:01:19');
INSERT INTO `profiles` (`user_id`, `gender`, `birthday`, `city`, `country`, `photo_id`, `created_at`, `updated_at`) VALUES (35, '', '2016-01-27', 'West Russel', '3', 35, '1974-06-15 11:19:08', '1972-12-20 14:10:16');
INSERT INTO `profiles` (`user_id`, `gender`, `birthday`, `city`, `country`, `photo_id`, `created_at`, `updated_at`) VALUES (36, '', '2008-11-20', 'Shanahanmouth', '6305', 36, '1996-12-21 07:22:48', '1994-08-25 13:28:32');
INSERT INTO `profiles` (`user_id`, `gender`, `birthday`, `city`, `country`, `photo_id`, `created_at`, `updated_at`) VALUES (37, '', '2000-10-03', 'North Clairtown', '79', 37, '2017-09-23 09:24:34', '2012-11-13 16:43:43');
INSERT INTO `profiles` (`user_id`, `gender`, `birthday`, `city`, `country`, `photo_id`, `created_at`, `updated_at`) VALUES (38, '', '1976-09-14', 'Myrticechester', '320851002', 38, '1977-02-19 01:11:21', '1990-12-21 18:08:13');
INSERT INTO `profiles` (`user_id`, `gender`, `birthday`, `city`, `country`, `photo_id`, `created_at`, `updated_at`) VALUES (39, '', '1977-04-07', 'Quitzonland', '204473935', 39, '2012-01-24 18:10:46', '1989-08-04 02:41:20');
INSERT INTO `profiles` (`user_id`, `gender`, `birthday`, `city`, `country`, `photo_id`, `created_at`, `updated_at`) VALUES (40, '', '2009-12-21', 'East Breanna', '62', 40, '1999-12-16 11:49:25', '2009-06-02 18:46:04');
INSERT INTO `profiles` (`user_id`, `gender`, `birthday`, `city`, `country`, `photo_id`, `created_at`, `updated_at`) VALUES (41, '', '1979-04-14', 'Toreyview', '15412775', 41, '1986-07-08 21:59:09', '1976-02-03 07:42:24');
INSERT INTO `profiles` (`user_id`, `gender`, `birthday`, `city`, `country`, `photo_id`, `created_at`, `updated_at`) VALUES (42, '', '2003-10-16', 'Romagueraberg', '5917745', 42, '2006-01-06 03:23:08', '1998-06-19 23:31:18');
INSERT INTO `profiles` (`user_id`, `gender`, `birthday`, `city`, `country`, `photo_id`, `created_at`, `updated_at`) VALUES (43, '', '1994-12-05', 'New Krystal', '951109', 43, '2008-04-09 04:43:58', '2019-07-23 07:17:20');
INSERT INTO `profiles` (`user_id`, `gender`, `birthday`, `city`, `country`, `photo_id`, `created_at`, `updated_at`) VALUES (44, '', '2003-12-26', 'North Bettie', '5', 44, '2003-04-14 21:51:44', '1989-03-28 23:02:03');
INSERT INTO `profiles` (`user_id`, `gender`, `birthday`, `city`, `country`, `photo_id`, `created_at`, `updated_at`) VALUES (45, '', '1983-07-04', 'Allenview', '239720', 45, '1992-05-25 17:31:05', '2004-02-05 15:40:55');
INSERT INTO `profiles` (`user_id`, `gender`, `birthday`, `city`, `country`, `photo_id`, `created_at`, `updated_at`) VALUES (46, '', '1979-07-30', 'Rennerfurt', '8877', 46, '2018-09-12 19:31:23', '1999-04-11 19:15:28');
INSERT INTO `profiles` (`user_id`, `gender`, `birthday`, `city`, `country`, `photo_id`, `created_at`, `updated_at`) VALUES (47, '', '2003-04-04', 'Lake Grantview', '7', 47, '1982-09-29 04:17:40', '1994-09-18 00:36:46');
INSERT INTO `profiles` (`user_id`, `gender`, `birthday`, `city`, `country`, `photo_id`, `created_at`, `updated_at`) VALUES (48, '', '1998-12-25', 'South Milanberg', '250', 48, '2019-01-05 20:18:36', '1981-10-04 22:11:54');
INSERT INTO `profiles` (`user_id`, `gender`, `birthday`, `city`, `country`, `photo_id`, `created_at`, `updated_at`) VALUES (49, '', '2002-12-30', 'Lake Libbieshire', '399831', 49, '1990-05-16 19:39:14', '1971-09-18 06:37:00');
INSERT INTO `profiles` (`user_id`, `gender`, `birthday`, `city`, `country`, `photo_id`, `created_at`, `updated_at`) VALUES (50, '', '1980-06-24', 'South Shawnaport', '', 50, '1976-09-27 17:18:26', '1994-10-06 18:46:41');
INSERT INTO `profiles` (`user_id`, `gender`, `birthday`, `city`, `country`, `photo_id`, `created_at`, `updated_at`) VALUES (51, '', '2001-03-13', 'Lake Myrtiemouth', '7825871', 51, '1978-09-18 07:04:25', '1978-01-15 03:24:16');
INSERT INTO `profiles` (`user_id`, `gender`, `birthday`, `city`, `country`, `photo_id`, `created_at`, `updated_at`) VALUES (52, '', '1982-04-26', 'Bryanaview', '91', 52, '2018-03-16 01:07:10', '2006-08-30 02:51:18');
INSERT INTO `profiles` (`user_id`, `gender`, `birthday`, `city`, `country`, `photo_id`, `created_at`, `updated_at`) VALUES (53, '', '1973-09-05', 'Kochshire', '415467', 53, '1987-09-11 02:24:37', '1988-07-03 22:37:15');
INSERT INTO `profiles` (`user_id`, `gender`, `birthday`, `city`, `country`, `photo_id`, `created_at`, `updated_at`) VALUES (54, '', '1971-03-14', 'South Marlee', '3680', 54, '2008-11-04 21:10:43', '1983-03-22 08:47:08');
INSERT INTO `profiles` (`user_id`, `gender`, `birthday`, `city`, `country`, `photo_id`, `created_at`, `updated_at`) VALUES (55, '', '2007-02-27', 'East Zachariah', '4', 55, '2001-09-15 03:32:50', '1987-02-14 13:22:55');
INSERT INTO `profiles` (`user_id`, `gender`, `birthday`, `city`, `country`, `photo_id`, `created_at`, `updated_at`) VALUES (56, '', '2015-12-22', 'South Dexterchester', '586', 56, '1991-11-26 20:40:22', '2014-04-27 08:48:05');
INSERT INTO `profiles` (`user_id`, `gender`, `birthday`, `city`, `country`, `photo_id`, `created_at`, `updated_at`) VALUES (57, '', '2008-03-09', 'Browntown', '', 57, '1971-05-30 22:48:32', '1994-05-18 16:54:49');
INSERT INTO `profiles` (`user_id`, `gender`, `birthday`, `city`, `country`, `photo_id`, `created_at`, `updated_at`) VALUES (58, '', '2004-07-21', 'North Hellen', '851170', 58, '2016-08-07 14:58:29', '1998-04-03 05:52:32');
INSERT INTO `profiles` (`user_id`, `gender`, `birthday`, `city`, `country`, `photo_id`, `created_at`, `updated_at`) VALUES (59, '', '1990-04-23', 'New Callie', '67', 59, '1987-05-25 13:48:30', '2011-03-14 15:59:08');
INSERT INTO `profiles` (`user_id`, `gender`, `birthday`, `city`, `country`, `photo_id`, `created_at`, `updated_at`) VALUES (60, '', '2012-02-26', 'South Ruth', '', 60, '1972-05-25 07:25:40', '1973-07-29 00:36:52');
INSERT INTO `profiles` (`user_id`, `gender`, `birthday`, `city`, `country`, `photo_id`, `created_at`, `updated_at`) VALUES (61, '', '2018-10-04', 'Port Aylintown', '963502332', 61, '2011-12-15 16:09:53', '1993-12-02 07:30:05');
INSERT INTO `profiles` (`user_id`, `gender`, `birthday`, `city`, `country`, `photo_id`, `created_at`, `updated_at`) VALUES (62, '', '1980-07-14', 'New Muhammad', '9444065', 62, '2016-04-29 01:41:30', '1983-06-20 03:02:28');
INSERT INTO `profiles` (`user_id`, `gender`, `birthday`, `city`, `country`, `photo_id`, `created_at`, `updated_at`) VALUES (63, '', '2007-05-02', 'Port Janiston', '36095', 63, '1981-10-04 01:36:41', '1972-10-24 13:02:21');
INSERT INTO `profiles` (`user_id`, `gender`, `birthday`, `city`, `country`, `photo_id`, `created_at`, `updated_at`) VALUES (64, '', '1993-04-16', 'Raemouth', '413', 64, '1986-11-15 15:22:53', '2005-08-01 00:37:42');
INSERT INTO `profiles` (`user_id`, `gender`, `birthday`, `city`, `country`, `photo_id`, `created_at`, `updated_at`) VALUES (65, '', '2009-04-19', 'Anabelleland', '', 65, '2008-06-01 19:45:58', '2008-06-01 16:06:02');
INSERT INTO `profiles` (`user_id`, `gender`, `birthday`, `city`, `country`, `photo_id`, `created_at`, `updated_at`) VALUES (66, '', '1991-01-09', 'Satterfieldbury', '212', 66, '1974-09-14 13:08:16', '1970-02-12 06:30:06');
INSERT INTO `profiles` (`user_id`, `gender`, `birthday`, `city`, `country`, `photo_id`, `created_at`, `updated_at`) VALUES (67, '', '2018-12-09', 'Esteltown', '176', 67, '2019-02-17 19:55:28', '1980-12-24 00:47:07');
INSERT INTO `profiles` (`user_id`, `gender`, `birthday`, `city`, `country`, `photo_id`, `created_at`, `updated_at`) VALUES (68, '', '1973-08-24', 'Port Mckaylaburgh', '75768', 68, '1984-12-30 07:11:36', '2018-06-21 13:23:39');
INSERT INTO `profiles` (`user_id`, `gender`, `birthday`, `city`, `country`, `photo_id`, `created_at`, `updated_at`) VALUES (69, '', '1975-08-23', 'Rauside', '3382149', 69, '2013-07-26 13:23:27', '1997-03-29 12:42:12');
INSERT INTO `profiles` (`user_id`, `gender`, `birthday`, `city`, `country`, `photo_id`, `created_at`, `updated_at`) VALUES (70, '', '1995-06-27', 'Lake Lenorafurt', '36608', 70, '1994-11-15 23:29:08', '1991-05-05 23:20:49');
INSERT INTO `profiles` (`user_id`, `gender`, `birthday`, `city`, `country`, `photo_id`, `created_at`, `updated_at`) VALUES (71, '', '1994-12-11', 'Langworthstad', '6', 71, '2000-03-24 15:34:04', '1985-11-24 01:40:49');
INSERT INTO `profiles` (`user_id`, `gender`, `birthday`, `city`, `country`, `photo_id`, `created_at`, `updated_at`) VALUES (72, '', '1982-05-23', 'West Philip', '80985', 72, '2018-01-31 06:59:52', '1974-05-24 21:23:05');
INSERT INTO `profiles` (`user_id`, `gender`, `birthday`, `city`, `country`, `photo_id`, `created_at`, `updated_at`) VALUES (73, '', '1976-10-21', 'Valerieshire', '568775083', 73, '1986-04-29 03:57:15', '1991-01-11 17:47:43');
INSERT INTO `profiles` (`user_id`, `gender`, `birthday`, `city`, `country`, `photo_id`, `created_at`, `updated_at`) VALUES (74, '', '2014-10-28', 'South Norwood', '6822607', 74, '1980-09-03 13:40:14', '2001-10-31 06:10:38');
INSERT INTO `profiles` (`user_id`, `gender`, `birthday`, `city`, `country`, `photo_id`, `created_at`, `updated_at`) VALUES (75, '', '2007-12-31', 'Thompsonland', '770260130', 75, '1984-08-13 06:19:46', '2015-04-07 14:24:00');
INSERT INTO `profiles` (`user_id`, `gender`, `birthday`, `city`, `country`, `photo_id`, `created_at`, `updated_at`) VALUES (76, '', '1998-12-24', 'Lake Kavonville', '7', 76, '1992-11-25 06:46:47', '1974-06-13 18:54:18');
INSERT INTO `profiles` (`user_id`, `gender`, `birthday`, `city`, `country`, `photo_id`, `created_at`, `updated_at`) VALUES (77, '', '2012-02-16', 'Aftonhaven', '713830787', 77, '2015-11-13 16:15:57', '1983-11-20 02:49:52');
INSERT INTO `profiles` (`user_id`, `gender`, `birthday`, `city`, `country`, `photo_id`, `created_at`, `updated_at`) VALUES (78, '', '1970-12-17', 'Sengertown', '2177', 78, '1972-08-03 01:47:32', '2013-05-12 17:06:50');
INSERT INTO `profiles` (`user_id`, `gender`, `birthday`, `city`, `country`, `photo_id`, `created_at`, `updated_at`) VALUES (79, '', '1974-03-15', 'Wunschview', '561', 79, '1975-12-18 11:39:32', '1979-06-25 02:55:49');
INSERT INTO `profiles` (`user_id`, `gender`, `birthday`, `city`, `country`, `photo_id`, `created_at`, `updated_at`) VALUES (80, '', '1987-09-01', 'Makenziemouth', '31752969', 80, '1974-12-29 03:24:55', '1976-06-04 01:18:20');
INSERT INTO `profiles` (`user_id`, `gender`, `birthday`, `city`, `country`, `photo_id`, `created_at`, `updated_at`) VALUES (81, '', '1996-05-22', 'Wehnerstad', '9', 81, '2007-12-15 13:05:58', '1973-09-28 09:35:58');
INSERT INTO `profiles` (`user_id`, `gender`, `birthday`, `city`, `country`, `photo_id`, `created_at`, `updated_at`) VALUES (82, '', '2010-07-26', 'Pinkieburgh', '48', 82, '2007-01-24 17:46:45', '1976-04-26 22:59:59');
INSERT INTO `profiles` (`user_id`, `gender`, `birthday`, `city`, `country`, `photo_id`, `created_at`, `updated_at`) VALUES (83, '', '2006-12-06', 'Bartonberg', '669138420', 83, '2002-04-29 13:05:14', '2013-09-09 14:48:53');
INSERT INTO `profiles` (`user_id`, `gender`, `birthday`, `city`, `country`, `photo_id`, `created_at`, `updated_at`) VALUES (84, '', '1999-12-31', 'Lavadaville', '36703', 84, '2017-05-10 23:36:24', '1986-01-18 18:23:08');
INSERT INTO `profiles` (`user_id`, `gender`, `birthday`, `city`, `country`, `photo_id`, `created_at`, `updated_at`) VALUES (85, '', '1982-12-30', 'Lake Justinaport', '475484', 85, '1995-05-02 02:53:07', '2001-08-05 21:14:17');
INSERT INTO `profiles` (`user_id`, `gender`, `birthday`, `city`, `country`, `photo_id`, `created_at`, `updated_at`) VALUES (86, '', '2018-10-04', 'Bernietown', '3873', 86, '1981-11-24 21:34:44', '2005-02-26 10:37:48');
INSERT INTO `profiles` (`user_id`, `gender`, `birthday`, `city`, `country`, `photo_id`, `created_at`, `updated_at`) VALUES (87, '', '2017-09-04', 'Lake Savannahville', '36951899', 87, '2002-01-04 22:57:58', '1989-08-07 10:39:45');
INSERT INTO `profiles` (`user_id`, `gender`, `birthday`, `city`, `country`, `photo_id`, `created_at`, `updated_at`) VALUES (88, '', '2004-07-28', 'South Cadenside', '6784837', 88, '2019-10-21 19:53:40', '2012-07-17 04:42:24');
INSERT INTO `profiles` (`user_id`, `gender`, `birthday`, `city`, `country`, `photo_id`, `created_at`, `updated_at`) VALUES (89, '', '2016-12-29', 'Lake Darien', '56962806', 89, '1989-11-16 04:47:07', '2020-02-13 10:41:47');
INSERT INTO `profiles` (`user_id`, `gender`, `birthday`, `city`, `country`, `photo_id`, `created_at`, `updated_at`) VALUES (90, '', '1994-02-07', 'Janfort', '9262', 90, '1983-06-16 23:05:57', '2014-02-09 14:20:37');
INSERT INTO `profiles` (`user_id`, `gender`, `birthday`, `city`, `country`, `photo_id`, `created_at`, `updated_at`) VALUES (91, '', '1975-11-12', 'Lake Alexandria', '1073762', 91, '2009-04-12 03:54:38', '2015-04-05 03:39:29');
INSERT INTO `profiles` (`user_id`, `gender`, `birthday`, `city`, `country`, `photo_id`, `created_at`, `updated_at`) VALUES (92, '', '1976-05-11', 'West Bridgetteshire', '6992', 92, '1991-08-28 05:13:39', '2010-03-18 00:03:09');
INSERT INTO `profiles` (`user_id`, `gender`, `birthday`, `city`, `country`, `photo_id`, `created_at`, `updated_at`) VALUES (93, '', '2002-06-07', 'Port Lesleyton', '8558', 93, '2005-02-10 08:43:06', '1985-08-28 11:52:44');
INSERT INTO `profiles` (`user_id`, `gender`, `birthday`, `city`, `country`, `photo_id`, `created_at`, `updated_at`) VALUES (94, '', '1992-07-11', 'Lake Sabina', '528', 94, '1997-05-02 17:52:58', '1987-10-29 08:22:06');
INSERT INTO `profiles` (`user_id`, `gender`, `birthday`, `city`, `country`, `photo_id`, `created_at`, `updated_at`) VALUES (95, '', '2018-07-20', 'New Ianberg', '48391647', 95, '2005-12-12 06:03:18', '1984-03-09 13:58:09');
INSERT INTO `profiles` (`user_id`, `gender`, `birthday`, `city`, `country`, `photo_id`, `created_at`, `updated_at`) VALUES (96, '', '1995-01-18', 'Dandremouth', '1858', 96, '2005-12-15 23:21:50', '1997-10-30 00:00:06');
INSERT INTO `profiles` (`user_id`, `gender`, `birthday`, `city`, `country`, `photo_id`, `created_at`, `updated_at`) VALUES (97, '', '2018-10-02', 'Maciemouth', '91', 97, '1983-08-17 01:18:27', '1978-06-22 02:51:24');
INSERT INTO `profiles` (`user_id`, `gender`, `birthday`, `city`, `country`, `photo_id`, `created_at`, `updated_at`) VALUES (98, '', '1988-04-01', 'Dominiqueberg', '951', 98, '1971-06-02 13:31:19', '1987-10-25 07:36:44');
INSERT INTO `profiles` (`user_id`, `gender`, `birthday`, `city`, `country`, `photo_id`, `created_at`, `updated_at`) VALUES (99, '', '1979-06-06', 'Borerfurt', '24063', 99, '1971-01-10 14:55:06', '1970-09-17 18:28:39');
INSERT INTO `profiles` (`user_id`, `gender`, `birthday`, `city`, `country`, `photo_id`, `created_at`, `updated_at`) VALUES (100, '', '1973-11-21', 'Sengerton', '803356', 100, '1995-08-25 17:07:13', '1993-03-14 00:23:10');


#
# TABLE STRUCTURE FOR: users
#

DROP TABLE IF EXISTS `users`;

CREATE TABLE `users` (
  `id` int(10) unsigned NOT NULL AUTO_INCREMENT,
  `first_name` varchar(100) COLLATE utf8_unicode_ci NOT NULL,
  `last_name` varchar(100) COLLATE utf8_unicode_ci NOT NULL,
  `email` varchar(120) COLLATE utf8_unicode_ci NOT NULL,
  `phone` varchar(120) COLLATE utf8_unicode_ci NOT NULL,
  `created_at` datetime DEFAULT current_timestamp(),
  `updated_at` datetime DEFAULT current_timestamp() ON UPDATE current_timestamp(),
  PRIMARY KEY (`id`),
  UNIQUE KEY `email` (`email`),
  UNIQUE KEY `phone` (`phone`)
) ENGINE=InnoDB AUTO_INCREMENT=101 DEFAULT CHARSET=utf8 COLLATE=utf8_unicode_ci;

INSERT INTO `users` (`id`, `first_name`, `last_name`, `email`, `phone`, `created_at`, `updated_at`) VALUES (1, 'Marilyne', 'Leffler', 'presley.bergnaum@example.org', '(043)257-3869x3705', '1979-08-29 06:46:56', '2005-04-08 12:12:27');
INSERT INTO `users` (`id`, `first_name`, `last_name`, `email`, `phone`, `created_at`, `updated_at`) VALUES (2, 'Anjali', 'Senger', 'taylor.gerhold@example.org', '01993654013', '2008-08-06 19:05:25', '1986-06-24 22:39:16');
INSERT INTO `users` (`id`, `first_name`, `last_name`, `email`, `phone`, `created_at`, `updated_at`) VALUES (3, 'Teresa', 'Lockman', 'muller.jodie@example.com', '(451)596-9041', '2019-07-27 18:35:12', '1996-07-15 05:04:57');
INSERT INTO `users` (`id`, `first_name`, `last_name`, `email`, `phone`, `created_at`, `updated_at`) VALUES (4, 'Cristopher', 'Johnston', 'irwin.bailey@example.net', '(140)851-0979', '2008-09-16 12:43:57', '1980-10-23 07:31:45');
INSERT INTO `users` (`id`, `first_name`, `last_name`, `email`, `phone`, `created_at`, `updated_at`) VALUES (5, 'Moises', 'Huel', 'brigitte.hilll@example.com', '656-689-5694x3856', '1996-07-27 19:21:43', '1971-01-22 06:33:17');
INSERT INTO `users` (`id`, `first_name`, `last_name`, `email`, `phone`, `created_at`, `updated_at`) VALUES (6, 'Sadie', 'Upton', 'leatha.hansen@example.net', '165-195-1518x7882', '1972-10-29 03:03:51', '2006-12-23 02:14:56');
INSERT INTO `users` (`id`, `first_name`, `last_name`, `email`, `phone`, `created_at`, `updated_at`) VALUES (7, 'Turner', 'Smitham', 'bayer.pedro@example.net', '01848060277', '1983-02-24 07:26:15', '2008-07-05 18:11:23');
INSERT INTO `users` (`id`, `first_name`, `last_name`, `email`, `phone`, `created_at`, `updated_at`) VALUES (8, 'Hettie', 'Cole', 'tschmeler@example.org', '727-073-5299x6727', '2008-04-11 11:12:59', '1996-11-26 21:05:14');
INSERT INTO `users` (`id`, `first_name`, `last_name`, `email`, `phone`, `created_at`, `updated_at`) VALUES (9, 'Marcella', 'Reynolds', 'hlittle@example.org', '1-940-109-1019x592', '2013-08-25 01:58:40', '1976-02-03 23:01:06');
INSERT INTO `users` (`id`, `first_name`, `last_name`, `email`, `phone`, `created_at`, `updated_at`) VALUES (10, 'Augustine', 'Reinger', 'kadin.zieme@example.org', '07536728530', '1998-04-20 00:57:38', '1972-07-22 03:44:05');
INSERT INTO `users` (`id`, `first_name`, `last_name`, `email`, `phone`, `created_at`, `updated_at`) VALUES (11, 'Seamus', 'McClure', 'keyon.bashirian@example.org', '(661)915-2338x23709', '1996-02-11 21:23:10', '1986-01-11 12:59:46');
INSERT INTO `users` (`id`, `first_name`, `last_name`, `email`, `phone`, `created_at`, `updated_at`) VALUES (12, 'Jaron', 'Schiller', 'daniel.noemi@example.org', '793.673.3130', '1991-04-06 22:38:17', '2007-03-25 20:32:09');
INSERT INTO `users` (`id`, `first_name`, `last_name`, `email`, `phone`, `created_at`, `updated_at`) VALUES (13, 'Barney', 'Schamberger', 'renner.angeline@example.org', '434.977.5980x22988', '2013-09-19 18:52:09', '1978-03-24 17:09:38');
INSERT INTO `users` (`id`, `first_name`, `last_name`, `email`, `phone`, `created_at`, `updated_at`) VALUES (14, 'Griffin', 'Berge', 'anais55@example.net', '153-414-5140x11661', '1999-06-26 13:16:21', '1973-07-08 09:28:13');
INSERT INTO `users` (`id`, `first_name`, `last_name`, `email`, `phone`, `created_at`, `updated_at`) VALUES (15, 'Gisselle', 'King', 'bernier.david@example.com', '536-209-1824x5833', '1996-07-24 10:40:36', '1994-11-17 20:15:33');
INSERT INTO `users` (`id`, `first_name`, `last_name`, `email`, `phone`, `created_at`, `updated_at`) VALUES (16, 'Quentin', 'Rohan', 'bartoletti.melyna@example.net', '(974)264-7558x618', '1982-05-13 19:39:53', '1981-07-11 06:38:41');
INSERT INTO `users` (`id`, `first_name`, `last_name`, `email`, `phone`, `created_at`, `updated_at`) VALUES (17, 'Kris', 'Beer', 'ycummerata@example.org', '+26(2)9033891112', '1995-12-20 16:34:23', '2016-03-11 17:54:01');
INSERT INTO `users` (`id`, `first_name`, `last_name`, `email`, `phone`, `created_at`, `updated_at`) VALUES (18, 'Dane', 'Considine', 'esperanza47@example.org', '07608617395', '1981-11-02 01:04:47', '1998-01-05 18:53:16');
INSERT INTO `users` (`id`, `first_name`, `last_name`, `email`, `phone`, `created_at`, `updated_at`) VALUES (19, 'Keira', 'Weber', 'bethany.schneider@example.org', '(860)854-5453x507', '1977-12-03 16:00:17', '1977-09-04 00:48:13');
INSERT INTO `users` (`id`, `first_name`, `last_name`, `email`, `phone`, `created_at`, `updated_at`) VALUES (20, 'Savion', 'Prosacco', 'jazmyn15@example.net', '950.279.9460x42658', '1979-12-23 12:35:45', '1986-05-15 00:41:54');
INSERT INTO `users` (`id`, `first_name`, `last_name`, `email`, `phone`, `created_at`, `updated_at`) VALUES (21, 'Imani', 'Watsica', 'obaumbach@example.net', '243.007.4440', '2005-10-22 13:48:19', '1983-02-24 16:31:35');
INSERT INTO `users` (`id`, `first_name`, `last_name`, `email`, `phone`, `created_at`, `updated_at`) VALUES (22, 'Renee', 'Armstrong', 'fprohaska@example.com', '366.004.5431x01211', '2010-02-24 10:12:43', '1993-05-18 21:21:05');
INSERT INTO `users` (`id`, `first_name`, `last_name`, `email`, `phone`, `created_at`, `updated_at`) VALUES (23, 'Adan', 'Durgan', 'muller.denis@example.net', '(443)592-1297x8658', '1996-07-15 00:22:15', '2016-10-04 02:18:00');
INSERT INTO `users` (`id`, `first_name`, `last_name`, `email`, `phone`, `created_at`, `updated_at`) VALUES (24, 'Mazie', 'Dach', 'bstrosin@example.org', '558.691.2666x12446', '1987-11-30 08:18:17', '2008-06-23 17:51:11');
INSERT INTO `users` (`id`, `first_name`, `last_name`, `email`, `phone`, `created_at`, `updated_at`) VALUES (25, 'Twila', 'Heathcote', 'henderson33@example.net', '(257)998-2214x086', '2009-04-12 01:51:28', '1985-09-23 02:02:50');
INSERT INTO `users` (`id`, `first_name`, `last_name`, `email`, `phone`, `created_at`, `updated_at`) VALUES (26, 'Dedric', 'Lang', 'green.alexanne@example.org', '916.268.9762', '2017-01-11 21:31:55', '2007-03-09 18:15:41');
INSERT INTO `users` (`id`, `first_name`, `last_name`, `email`, `phone`, `created_at`, `updated_at`) VALUES (27, 'Lelia', 'Conn', 'fdouglas@example.org', '1-947-638-0234x89814', '1971-04-23 03:10:58', '2003-08-17 23:26:44');
INSERT INTO `users` (`id`, `first_name`, `last_name`, `email`, `phone`, `created_at`, `updated_at`) VALUES (28, 'Niko', 'Watsica', 'vbosco@example.net', '308-625-8231x483', '1997-10-12 12:57:06', '1985-09-19 23:02:39');
INSERT INTO `users` (`id`, `first_name`, `last_name`, `email`, `phone`, `created_at`, `updated_at`) VALUES (29, 'Eula', 'Kessler', 'kris.annamae@example.net', '294-632-3871', '1978-11-02 16:47:26', '1996-02-21 02:34:04');
INSERT INTO `users` (`id`, `first_name`, `last_name`, `email`, `phone`, `created_at`, `updated_at`) VALUES (30, 'Keira', 'Stracke', 'gardner71@example.org', '457-893-7463x34949', '2012-10-18 19:43:00', '1984-06-19 09:13:20');
INSERT INTO `users` (`id`, `first_name`, `last_name`, `email`, `phone`, `created_at`, `updated_at`) VALUES (31, 'Shayna', 'Daugherty', 'abbott.angus@example.org', '816.618.6902', '2010-09-13 21:31:56', '1990-01-26 23:11:28');
INSERT INTO `users` (`id`, `first_name`, `last_name`, `email`, `phone`, `created_at`, `updated_at`) VALUES (32, 'Orpha', 'Reinger', 'alyson82@example.net', '1-370-005-8346x636', '1980-01-08 04:09:39', '1971-06-16 10:31:03');
INSERT INTO `users` (`id`, `first_name`, `last_name`, `email`, `phone`, `created_at`, `updated_at`) VALUES (33, 'Kelley', 'Blick', 'edwin46@example.com', '200-593-0334', '2001-07-09 18:35:33', '1979-04-09 04:03:17');
INSERT INTO `users` (`id`, `first_name`, `last_name`, `email`, `phone`, `created_at`, `updated_at`) VALUES (34, 'Waino', 'Wilkinson', 'zachery55@example.org', '(431)454-2176', '2008-08-25 11:10:17', '2007-12-25 07:43:06');
INSERT INTO `users` (`id`, `first_name`, `last_name`, `email`, `phone`, `created_at`, `updated_at`) VALUES (35, 'Ward', 'Erdman', 'kathlyn44@example.org', '1-995-689-9636x5993', '1978-10-28 14:36:39', '1972-09-05 14:09:58');
INSERT INTO `users` (`id`, `first_name`, `last_name`, `email`, `phone`, `created_at`, `updated_at`) VALUES (36, 'Kane', 'Sanford', 'buckridge.fernando@example.org', '1-169-957-7956', '2008-12-22 11:54:35', '1986-06-20 20:39:27');
INSERT INTO `users` (`id`, `first_name`, `last_name`, `email`, `phone`, `created_at`, `updated_at`) VALUES (37, 'Cordell', 'Bosco', 'kristian62@example.net', '038-965-4695x26598', '1987-08-01 01:12:34', '1977-07-09 14:26:10');
INSERT INTO `users` (`id`, `first_name`, `last_name`, `email`, `phone`, `created_at`, `updated_at`) VALUES (38, 'Ernesto', 'Simonis', 'raina58@example.net', '(088)043-6656x954', '1983-10-11 11:21:05', '1980-05-25 15:14:20');
INSERT INTO `users` (`id`, `first_name`, `last_name`, `email`, `phone`, `created_at`, `updated_at`) VALUES (39, 'Vergie', 'Effertz', 'marley84@example.org', '991.386.1885x834', '2015-05-20 03:47:40', '2020-03-04 18:45:03');
INSERT INTO `users` (`id`, `first_name`, `last_name`, `email`, `phone`, `created_at`, `updated_at`) VALUES (40, 'Javonte', 'Bode', 'mante.jerome@example.net', '(412)505-8682x79281', '1994-05-11 17:39:18', '1985-06-25 06:15:27');
INSERT INTO `users` (`id`, `first_name`, `last_name`, `email`, `phone`, `created_at`, `updated_at`) VALUES (41, 'Salvador', 'Corkery', 'zankunding@example.org', '05895724954', '1993-07-15 11:41:47', '1990-06-21 14:24:36');
INSERT INTO `users` (`id`, `first_name`, `last_name`, `email`, `phone`, `created_at`, `updated_at`) VALUES (42, 'Effie', 'Lind', 'elena.corkery@example.com', '353-624-8170', '1991-06-23 14:58:47', '1974-12-27 09:15:11');
INSERT INTO `users` (`id`, `first_name`, `last_name`, `email`, `phone`, `created_at`, `updated_at`) VALUES (43, 'Burdette', 'Davis', 'pfannerstill.danika@example.net', '(587)966-3877', '1993-02-20 00:35:19', '2001-07-27 21:54:22');
INSERT INTO `users` (`id`, `first_name`, `last_name`, `email`, `phone`, `created_at`, `updated_at`) VALUES (44, 'Eldon', 'Haag', 'hettinger.amie@example.com', '330.854.4939', '2005-02-21 22:10:09', '2004-08-31 16:15:19');
INSERT INTO `users` (`id`, `first_name`, `last_name`, `email`, `phone`, `created_at`, `updated_at`) VALUES (45, 'Chase', 'Nicolas', 'ethelyn21@example.org', '+29(0)0139193067', '1970-09-02 07:23:26', '2008-11-04 23:10:52');
INSERT INTO `users` (`id`, `first_name`, `last_name`, `email`, `phone`, `created_at`, `updated_at`) VALUES (46, 'Tessie', 'Greenholt', 'cora54@example.com', '06175463249', '1994-04-12 23:19:21', '2004-06-21 10:22:19');
INSERT INTO `users` (`id`, `first_name`, `last_name`, `email`, `phone`, `created_at`, `updated_at`) VALUES (47, 'Gust', 'Wyman', 'dbruen@example.org', '(881)896-7349', '1970-05-23 04:34:33', '1982-03-19 14:04:03');
INSERT INTO `users` (`id`, `first_name`, `last_name`, `email`, `phone`, `created_at`, `updated_at`) VALUES (48, 'Reynold', 'Swaniawski', 'qberge@example.org', '1-134-609-8890x50919', '2018-01-08 05:54:09', '1999-04-05 11:18:31');
INSERT INTO `users` (`id`, `first_name`, `last_name`, `email`, `phone`, `created_at`, `updated_at`) VALUES (49, 'Araceli', 'Spencer', 'trowe@example.com', '(078)840-5967', '2009-03-02 00:02:54', '1984-06-29 10:34:09');
INSERT INTO `users` (`id`, `first_name`, `last_name`, `email`, `phone`, `created_at`, `updated_at`) VALUES (50, 'Lukas', 'Mraz', 'santiago23@example.com', '166-754-6042', '1983-02-26 20:58:21', '1994-05-16 09:27:44');
INSERT INTO `users` (`id`, `first_name`, `last_name`, `email`, `phone`, `created_at`, `updated_at`) VALUES (51, 'Jasen', 'Swaniawski', 'littel.katarina@example.org', '(000)176-7755x099', '1998-09-15 07:07:32', '2017-06-06 06:13:50');
INSERT INTO `users` (`id`, `first_name`, `last_name`, `email`, `phone`, `created_at`, `updated_at`) VALUES (52, 'Jacky', 'Fritsch', 'abbigail20@example.net', '788.904.4174x7635', '1985-06-14 02:28:44', '1984-06-28 00:07:11');
INSERT INTO `users` (`id`, `first_name`, `last_name`, `email`, `phone`, `created_at`, `updated_at`) VALUES (53, 'Brock', 'Marquardt', 'jacobs.coralie@example.org', '+82(3)6652967641', '1997-11-21 12:23:25', '1973-08-22 19:13:18');
INSERT INTO `users` (`id`, `first_name`, `last_name`, `email`, `phone`, `created_at`, `updated_at`) VALUES (54, 'Wendy', 'Bednar', 'spencer.paige@example.org', '961.642.5930', '1990-03-26 06:39:35', '1994-09-26 22:59:02');
INSERT INTO `users` (`id`, `first_name`, `last_name`, `email`, `phone`, `created_at`, `updated_at`) VALUES (55, 'Randal', 'Corwin', 'nader.jayden@example.com', '09140055980', '2016-05-20 07:11:17', '2014-11-10 16:28:18');
INSERT INTO `users` (`id`, `first_name`, `last_name`, `email`, `phone`, `created_at`, `updated_at`) VALUES (56, 'Geovany', 'Swift', 'fbarrows@example.org', '828-468-5631x33163', '2005-06-07 12:11:51', '1993-09-27 09:53:33');
INSERT INTO `users` (`id`, `first_name`, `last_name`, `email`, `phone`, `created_at`, `updated_at`) VALUES (57, 'Mack', 'Ryan', 'dora95@example.net', '1-384-126-2758x53499', '1974-04-13 01:42:24', '1975-04-28 17:47:37');
INSERT INTO `users` (`id`, `first_name`, `last_name`, `email`, `phone`, `created_at`, `updated_at`) VALUES (58, 'Celine', 'Maggio', 'fmclaughlin@example.com', '+45(5)1252713289', '1996-02-14 08:54:04', '1970-04-06 00:01:52');
INSERT INTO `users` (`id`, `first_name`, `last_name`, `email`, `phone`, `created_at`, `updated_at`) VALUES (59, 'Alejandrin', 'Bednar', 'pearlie.bashirian@example.org', '(217)715-4842', '2001-05-10 17:08:39', '1983-07-18 19:13:47');
INSERT INTO `users` (`id`, `first_name`, `last_name`, `email`, `phone`, `created_at`, `updated_at`) VALUES (60, 'Mireille', 'Koelpin', 'predovic.abe@example.org', '(203)147-1793x2510', '1991-11-27 17:24:10', '1997-08-31 09:02:03');
INSERT INTO `users` (`id`, `first_name`, `last_name`, `email`, `phone`, `created_at`, `updated_at`) VALUES (61, 'Keely', 'Hilll', 'lupe89@example.net', '803-223-1180x21558', '1983-04-26 00:48:39', '1979-03-25 20:42:04');
INSERT INTO `users` (`id`, `first_name`, `last_name`, `email`, `phone`, `created_at`, `updated_at`) VALUES (62, 'Gordon', 'Hamill', 'rosa74@example.net', '(657)275-1075x41960', '2005-10-19 23:51:19', '1985-04-01 06:35:26');
INSERT INTO `users` (`id`, `first_name`, `last_name`, `email`, `phone`, `created_at`, `updated_at`) VALUES (63, 'Ayden', 'Bogan', 'cschulist@example.org', '059-966-0782x87931', '1980-06-16 07:04:45', '2005-09-06 11:53:17');
INSERT INTO `users` (`id`, `first_name`, `last_name`, `email`, `phone`, `created_at`, `updated_at`) VALUES (64, 'Astrid', 'O\'Keefe', 'flossie89@example.com', '(522)731-7227x31340', '1981-11-26 15:22:58', '1993-11-03 05:30:15');
INSERT INTO `users` (`id`, `first_name`, `last_name`, `email`, `phone`, `created_at`, `updated_at`) VALUES (65, 'Clovis', 'Heaney', 'rozella.mayert@example.com', '006-232-0426x341', '2016-02-15 08:15:29', '1997-07-07 06:17:25');
INSERT INTO `users` (`id`, `first_name`, `last_name`, `email`, `phone`, `created_at`, `updated_at`) VALUES (66, 'Meda', 'Anderson', 'jarrod50@example.com', '167-612-9677', '2007-02-03 02:41:12', '2009-04-29 08:07:58');
INSERT INTO `users` (`id`, `first_name`, `last_name`, `email`, `phone`, `created_at`, `updated_at`) VALUES (67, 'Elsa', 'Trantow', 'madison.collier@example.com', '+52(2)2279121169', '2003-09-07 11:59:16', '1991-12-10 20:25:59');
INSERT INTO `users` (`id`, `first_name`, `last_name`, `email`, `phone`, `created_at`, `updated_at`) VALUES (68, 'Deja', 'Waelchi', 'toby.monahan@example.org', '715-767-6450x3284', '1985-08-02 00:06:15', '1981-04-22 06:10:56');
INSERT INTO `users` (`id`, `first_name`, `last_name`, `email`, `phone`, `created_at`, `updated_at`) VALUES (69, 'Ivory', 'Klocko', 'wolff.keira@example.com', '827-976-4145x330', '1980-07-06 15:38:08', '1975-07-19 05:26:24');
INSERT INTO `users` (`id`, `first_name`, `last_name`, `email`, `phone`, `created_at`, `updated_at`) VALUES (70, 'Genesis', 'Boyle', 'judge.wisozk@example.com', '1-758-837-8918', '2016-07-30 14:40:24', '1994-09-17 06:40:21');
INSERT INTO `users` (`id`, `first_name`, `last_name`, `email`, `phone`, `created_at`, `updated_at`) VALUES (71, 'Vergie', 'Brekke', 'akuhlman@example.com', '09495470128', '1971-07-07 15:50:25', '1974-04-20 06:27:30');
INSERT INTO `users` (`id`, `first_name`, `last_name`, `email`, `phone`, `created_at`, `updated_at`) VALUES (72, 'Remington', 'Cronin', 'stacey.dach@example.com', '1-331-766-5309', '1999-02-24 23:03:40', '2019-01-13 11:54:31');
INSERT INTO `users` (`id`, `first_name`, `last_name`, `email`, `phone`, `created_at`, `updated_at`) VALUES (73, 'Geo', 'Orn', 'dibbert.vivienne@example.com', '902.651.7370', '2006-09-04 20:22:38', '1979-04-02 07:51:30');
INSERT INTO `users` (`id`, `first_name`, `last_name`, `email`, `phone`, `created_at`, `updated_at`) VALUES (74, 'Chandler', 'Lind', 'zsanford@example.org', '05666143095', '2007-12-01 04:25:56', '2005-12-06 07:41:09');
INSERT INTO `users` (`id`, `first_name`, `last_name`, `email`, `phone`, `created_at`, `updated_at`) VALUES (75, 'Lorna', 'Feil', 'osinski.alexandrea@example.com', '1-081-906-7452x67495', '1970-08-07 18:51:17', '2009-02-20 16:33:10');
INSERT INTO `users` (`id`, `first_name`, `last_name`, `email`, `phone`, `created_at`, `updated_at`) VALUES (76, 'Lindsey', 'Ankunding', 'lemke.cordia@example.org', '1-888-103-9243', '1978-10-19 19:25:07', '1975-01-21 17:52:11');
INSERT INTO `users` (`id`, `first_name`, `last_name`, `email`, `phone`, `created_at`, `updated_at`) VALUES (77, 'Tiffany', 'VonRueden', 'buford65@example.net', '164.922.2442x2177', '2015-09-19 11:57:27', '1989-10-21 18:39:22');
INSERT INTO `users` (`id`, `first_name`, `last_name`, `email`, `phone`, `created_at`, `updated_at`) VALUES (78, 'Trinity', 'Trantow', 'summer.jaskolski@example.org', '477.773.9661x6964', '2017-10-30 23:35:55', '1987-02-25 23:25:44');
INSERT INTO `users` (`id`, `first_name`, `last_name`, `email`, `phone`, `created_at`, `updated_at`) VALUES (79, 'Zoila', 'Rolfson', 'quinten.kulas@example.net', '(424)224-3209x49666', '2014-07-29 09:33:08', '1984-07-25 13:57:22');
INSERT INTO `users` (`id`, `first_name`, `last_name`, `email`, `phone`, `created_at`, `updated_at`) VALUES (80, 'Ethan', 'Tillman', 'tyrese45@example.net', '471.006.2633x973', '1975-03-19 01:31:27', '1987-10-08 10:05:18');
INSERT INTO `users` (`id`, `first_name`, `last_name`, `email`, `phone`, `created_at`, `updated_at`) VALUES (81, 'Kelsie', 'Schneider', 'thea.gleichner@example.net', '+86(5)3847767242', '1978-12-28 19:24:59', '2016-02-05 12:02:13');
INSERT INTO `users` (`id`, `first_name`, `last_name`, `email`, `phone`, `created_at`, `updated_at`) VALUES (82, 'Angus', 'Prohaska', 'batz.hertha@example.org', '528.987.2923x862', '2002-03-06 17:16:06', '2008-04-25 14:06:26');
INSERT INTO `users` (`id`, `first_name`, `last_name`, `email`, `phone`, `created_at`, `updated_at`) VALUES (83, 'Donato', 'Schmidt', 'senger.georgiana@example.org', '173.197.2775', '2000-06-07 03:54:33', '1971-08-17 16:49:09');
INSERT INTO `users` (`id`, `first_name`, `last_name`, `email`, `phone`, `created_at`, `updated_at`) VALUES (84, 'Carolanne', 'Huels', 'mkuhic@example.com', '06957180504', '2000-09-15 16:40:38', '1983-10-13 07:08:13');
INSERT INTO `users` (`id`, `first_name`, `last_name`, `email`, `phone`, `created_at`, `updated_at`) VALUES (85, 'Myrtie', 'Ebert', 'kertzmann.carroll@example.com', '(864)044-0462x56442', '2008-10-07 20:54:18', '2000-09-17 01:31:35');
INSERT INTO `users` (`id`, `first_name`, `last_name`, `email`, `phone`, `created_at`, `updated_at`) VALUES (86, 'Adelia', 'Kunze', 'fleta.douglas@example.com', '083.513.8804', '2004-11-29 07:30:07', '1987-03-06 04:38:16');
INSERT INTO `users` (`id`, `first_name`, `last_name`, `email`, `phone`, `created_at`, `updated_at`) VALUES (87, 'Angelina', 'Pagac', 'tschuppe@example.com', '1-292-931-8346x525', '1981-11-02 10:21:44', '2007-09-24 15:29:35');
INSERT INTO `users` (`id`, `first_name`, `last_name`, `email`, `phone`, `created_at`, `updated_at`) VALUES (88, 'Karianne', 'Volkman', 'estrosin@example.org', '00314804244', '1989-03-03 09:53:36', '1989-10-15 18:35:08');
INSERT INTO `users` (`id`, `first_name`, `last_name`, `email`, `phone`, `created_at`, `updated_at`) VALUES (89, 'Wilburn', 'Volkman', 'wunsch.santa@example.net', '(742)066-8157x0328', '1993-06-19 05:15:56', '1994-11-05 12:59:22');
INSERT INTO `users` (`id`, `first_name`, `last_name`, `email`, `phone`, `created_at`, `updated_at`) VALUES (90, 'Ryan', 'Kirlin', 'htromp@example.org', '1-849-327-5536x4627', '2006-12-20 07:38:36', '2017-05-28 00:34:06');
INSERT INTO `users` (`id`, `first_name`, `last_name`, `email`, `phone`, `created_at`, `updated_at`) VALUES (91, 'Alexandra', 'Schuppe', 'feeney.kamren@example.org', '432.229.9805x036', '1999-07-22 15:37:28', '1999-08-16 08:17:29');
INSERT INTO `users` (`id`, `first_name`, `last_name`, `email`, `phone`, `created_at`, `updated_at`) VALUES (92, 'Donna', 'Swaniawski', 'lamar.dicki@example.org', '1-265-682-4707', '1980-11-29 19:49:39', '2019-03-31 17:48:40');
INSERT INTO `users` (`id`, `first_name`, `last_name`, `email`, `phone`, `created_at`, `updated_at`) VALUES (93, 'Blanche', 'Johnston', 'carolyne.bayer@example.net', '08704193301', '1989-01-31 18:26:22', '1980-03-31 15:16:49');
INSERT INTO `users` (`id`, `first_name`, `last_name`, `email`, `phone`, `created_at`, `updated_at`) VALUES (94, 'Deja', 'Larson', 'pansy.kovacek@example.org', '+64(3)7081526608', '1998-08-30 08:22:47', '2005-01-14 13:31:24');
INSERT INTO `users` (`id`, `first_name`, `last_name`, `email`, `phone`, `created_at`, `updated_at`) VALUES (95, 'Talia', 'Schmidt', 'pablo.simonis@example.com', '529.675.2569', '2018-07-24 03:59:42', '2009-01-31 13:44:47');
INSERT INTO `users` (`id`, `first_name`, `last_name`, `email`, `phone`, `created_at`, `updated_at`) VALUES (96, 'Karianne', 'Turcotte', 'matt36@example.org', '(359)317-8167x66190', '2017-10-30 16:59:38', '2001-09-22 09:28:41');
INSERT INTO `users` (`id`, `first_name`, `last_name`, `email`, `phone`, `created_at`, `updated_at`) VALUES (97, 'Esmeralda', 'Smitham', 'cfriesen@example.net', '220.933.8985x3345', '1981-10-23 05:15:54', '1980-06-22 07:05:43');
INSERT INTO `users` (`id`, `first_name`, `last_name`, `email`, `phone`, `created_at`, `updated_at`) VALUES (98, 'Kane', 'Skiles', 'marta57@example.org', '+31(1)2026724444', '2001-02-14 18:24:20', '1988-04-20 12:22:53');
INSERT INTO `users` (`id`, `first_name`, `last_name`, `email`, `phone`, `created_at`, `updated_at`) VALUES (99, 'Kathryn', 'Leannon', 'rosetta14@example.net', '+30(9)6026612268', '1985-05-03 03:35:43', '2019-01-05 13:05:05');
INSERT INTO `users` (`id`, `first_name`, `last_name`, `email`, `phone`, `created_at`, `updated_at`) VALUES (100, 'Rosanna', 'Cronin', 'ernser.jo@example.net', '05335351960', '1987-04-27 16:39:30', '1984-01-05 22:42:07');


